TF,TargetGene,Tissue,Experiment,Chea,Signor,Trrust
NFYC,CPT1A,colon,NFYC IP ,,,
ERG,CPT1A,prostate,"ERG ChIP-Seq, DHT | ERG ChIP-Seq - 18 h, DHT | ERG ChIP-Seq - 2 h, JQI | ERG ChIP-Seq - Rep 2, DMSO | ERG ChIP-Seq - Rep 1, ERG ChIP-Seq, JQI | ERG ChIP-Seq - Rep 1, DMSO | ERG ChIP-Seq - Rep 2",,,
CTCF,CPT1A,leukocytes,"CTCF IP - GM06990 cells, Rep 1 , CTCF IP - GM12865 cells, Rep 2 , CTCF IP - GM11992 cells, Rep 1, CTCF IP - MS1 cells, Rep 3 , CTCF IP - F36P cells, Rep 6 , CTCF IP - GM2630 cells, Rep 2 , CTCF IP - GM2588 cells, Rep 2 , CTCF IP - UT-7 cells, Rep 4 , CTCF IP - GM11994 cells, Rep 1, CTCF IP - F36P cells, Rep 9 , CTCF IP - KU812 cells, Rep 17 , CTCF IP - KU812 cells, Rep 13 , CTCF IP - UT-7 cells, Rep 3 , CTCF IP - GM12154 cells, Rep 1, CTCF IP - GM12866 cells , CTCF IP - GM2255 cells, Rep 2 , CTCF IP - KU812 cells, Rep 9 , CTCF IP - GM11811 cells, Rep 2, CTCF IP - HL-60 cells, Rep 7 , CTCF IP - GM12864 cells, Rep 1 , CTCF IP - GM12869 cells , CTCF IP - F36P cells, Rep 1 , CTCF IP - GM12875 cells, Rep 1 , CTCF IP - MS1 cells, Rep 4 , CTCF IP - GM12891 cells, Rep 1 , CTCF IP - GM12873 cells, Rep 3 , CTCF IP - GM12865 cells, Rep 3 , CTCF IP - GM2588 cells, Rep 3 , CTCF IP - GM11992 cells, Rep 2, CTCF IP - GM18526 cells, Rep 2 , CTCF IP - GM18505 cells, Rep 2 , CTCF IP - GM18486 cells, Rep 1 , CTCF IP - GM18951 cells, Rep 2 , CTCF IP - GM11881 cells, CTCF IP - GM19193 cells, Rep 1 , CTCF IP - F36P cells, Rep 3 , CTCF IP - F36P cells, Rep 11 , CTCF IP - GM06986 cells, CTCF IP - GM12874 cells, Rep 2 , CTCF IP - F36P cells, Rep 7 , CTCF IP - K562 cells, Rep 16 , CTCF IP - GM12875 cells, Rep 2 , CTCF IP - KU812 cells, Rep 1 , CTCF IP - GM18526 cells, Rep 1 , CTCF IP - GM2588 cells, Rep 1 , CTCF IP - GM11894 cells, Rep 2, CTCF IP - GM12872 cells, Rep 2 , CTCF IP - GM12828 cells, CTCF IP - F36P cells, Rep 19 , CTCF IP - GM12892 cells, Rep 2 , CTCF IP - GM12868 cells , CTCF IP - GM12814 cells, Rep 1, CTCF IP - GM12890 cells, Rep 1 , CTCF IP - GM19193 cells, Rep 2 , CTCF IP - GM12865 cells, Rep 1 , CTCF IP - GM12878 cells , CTCF IP - GM18486 cells, Rep 3 , CTCF IP - GM12873 cells, Rep 1 , CTCF IP - GM12864 cells, Rep 3 , CTCF IP - GM12890 cells, Rep 2 , CTCF IP - GM2255 cells, Rep 1 , CTCF IP - GM12749 cells, Rep 2, CTCF IP - GM12872 cells, Rep 3 , CTCF IP - GM12870 cells , CTCF IP - GM12867 cells , CTCF IP - HL , CTCF IP - GM12864 cells, Rep 2 , CTCF IP - GM19239 cells, Rep 1 , CTCF IP - GM19238 cells, Rep 1 , CTCF IP - GM12005 cells, Rep 2, CTCF IP - GM12878 cells, Rep 1 , CTCF IP - GM10847 cells, Rep 2 , CTCF IP - CD14+ cells , CTCF IP - GM11811 cells, Rep 1, CTCF IP - KU812 cells, Rep 5 , CTCF IP - HeLa cells, Rep 2 , CTCF IP - GM12489 cells, Rep 1, CTCF IP - GM2610 cells, Rep 2 , CTCF IP - F36P cells, Rep 14 , CTCF ChIP-Seq - GM12878, CTCF IP -  CD20+ cells , CTCF IP - GM12006 cells, Rep 2, CTCF IP - GM12878 cells, Rep 2 , CTCF IP - NB4 cells , CTCF IP - GM19240 cells, Rep 2 , CTCF IP - GM12749 cells, Rep 1, CTCF IP - GM10847 cells, Rep 1 , CTCF IP - GM2255 cells, Rep 3 , CTCF IP - GM12878 cells, Rep 1 , CTCF IP - GM12234 cells, CTCF IP - GM12873 cells, Rep 1 , CTCF IP - F36P cells, Rep 13 , CTCF IP - GM19238 cells, Rep 2 , CTCF IP - MS1 cells, Rep 1 , CTCF IP - GM2610 cells, Rep 3 , CTCF IP, CTCF IP - GM18951 cells, Rep 1 , CTCF IP - GM12892 cells, Rep 1 , CTCF IP - GM07037 cells, CTCF IP - GM2610 cells, Rep 1 , CTCF IP - GM18486 cells, Rep 2 , CTCF IP - GM07346 cells, CTCF IP -  DND , CTCF IP - MS1 cells, Rep 2 , CTCF IP - GM2630 cells, Rep 3 , CTCF IP - GM12890 cells, Rep 3 , CTCF IP - F36P cells, Rep 2 , CTCF IP - GM11831 cells, CTCF IP - F36P cells, Rep 15 , CTCF IP - GM18505 cells, Rep 1 , CTCF IP - GM12891 cells, Rep 2 , CTCF IP - GM19239 cells, Rep 2 , CTCF IP - GM12815 cells, Rep 1, CTCF IP - GM12874 cells, Rep 1 , CTCF IP - GM2630 cells, Rep 1 , CTCF IP - GM19240 cells, Rep 1 , CTCF IP - GM06990 cells, Rep 2 , CTCF IP - GM11994 cells, Rep 2, CTCF IP - GM19099 cells, Rep 2 , CTCF IP - GM12872 cells, Rep 1 , CTCF IP - GM12154 cells, Rep 2, CTCF IP - F36P cells, Rep 10 , CTCF IP - GM12878 cells, Rep 2 , CTCF IP - GM19099 cells, Rep 1 , CTCF IP - UT-7 cells, Rep 5 , CTCF IP - GM12871 cells ",,,
BHLHE40,CPT1A,liver,"BHLHE40 IP - SK-N-SH cells, BHLHE40 IP - HepG2 cells",,,
ZEB1,CPT1A,liver,ZEB1 IP - HepG2 cells,,,
CTCF,CPT1A,stemcells,"CTCF IP - Rep 5 , CTCF IP - H1 cells, CTCF IP - Rep 4 , CTCF IP - H1 cells , CTCF IP - Rep 6 ",,,
FOXA1,CPT1A,prostate,"FOXA1 ChIP-Seq, CREB1 siRNA | FOXA1 ChIP-Seq - Rep 2, EtOH | FOXA1 ChIP-Seq - Rep 2, R1881 | FOXA1 ChIP-Seq - Rep 1, FOXA1 + FBS | GATA2 ChIP-Seq, FOXA1 ChIP-Seq - Rep 1, FOXA1 ChIP-Seq, EtOH | FOXA1 ChIP-Seq - , FOXA1 siRNA | CREB1 ChIP-Seq - Rep 2, DHT | FOXA1 ChIP-Seq, FOXA1 ChIP-Seq - Rep 2, CREB1 siRNA | FOXA1 ChIP-Seq - Rep 1, CON KD + R1881 | FOXA1 ChIP-Seq - Rep 2, FOXA1 ChIP-Seq - LNCaP-abl, PIAS1 + R1881 | FOXA1 ChIP-Seq - Rep 2, FOXA1 KD | GATA2 ChIP-Seq",,,
CTCF,CPT1A,hspcs,"CTCF IP - HSPCs, Rep 1, CTCF IP - HSPCs, Rep 2",,,
SRF,CPT1A,stemcells,"SRF IP - Rep 5 , SRF IP - Rep 4 , SRF IP - Rep 6 , SRF IP - Rep 7 ",,,
JUND,CPT1A,lung,JUND IP - A549 cells,,,
JUND,CPT1A,leukocytes,JUND IP - K562 cells,,,
STAT3,CPT1A,leukocytes,"STAT3 IP - SU-DHL-4, STAT3 IP - SU-DHL-6, STAT3 IP - SU-DHL-2, STAT3 IP - U-2932",,,
SPI1,CPT1A,leukocytes,"SPI1 IP, SPI1 IP, SPI1 IP | RUNX1 KD, SPI1 IP, SPI1 IP, SPI1 IP, SPI1 IP - HL cells, SPI1 IP",,,
SMAD1,CPT1A,hspcs,SMAD1 IP - Rep 3,,,
ELF3,CPT1A,pancreas,"ELF3 IP | KLF5 KO, ELF3 IP, ELF3 IP",,,
KLF5,CPT1A,pancreas,"ELF3 IP | KLF5 KO, KLF5 IP",,,
FOXA2,CPT1A,stemcells,"FOXA2 IP - ES D5, FOXA2 IP - ES D7, FOXA2 IP - Rep 5 , FOXA2 IP - ES D10",,,
E2F1,CPT1A,uterus,"E2F1 IP - HeLa cells, Rep 2, E2F1 IP - HeLa cells, Rep 1",,,
TCF7L2,CPT1A,mammarygland,TCF7L2 ChIP-Seq,,,
DHT,CPT1A,prostate,"DHT | ERG ChIP-Seq - 18 h, DHT | ERG ChIP-Seq - 2 h, DHT | FOXA1 ChIP-Seq, DHT | FOXP1 ChIP-Seq",,,
CTCF,CPT1A,sensory,"CTCF IP - HRPEpiC cells, Rep 1 , CTCF IP - WERI-Rb-1- cells, Rep 1 , CTCF IP - HRPEpiC cells, Rep 2 ",,,
MAX,CPT1A,uterus,"MAX IP - HeLa cells, Rep 2, MAX IP - HeLa cells, Rep 1, MAX IP - ECC1 cells",,,
MYC,CPT1A,leukocytes,"MYC IP - NB4 cells, MYC IP - K562 cells, Rep 1, MYC IP | IFNG - K562 cells, 30 min",,,
MXI1,CPT1A,uterus,MXI1 IP - HeLa cells,,,
CREB1,CPT1A,prostate,"CREB1 siRNA | FOXA1 ChIP-Seq - Rep 2, CREB1 ChIP-Seq - LNCaP, CREB1 ChIP-Seq - Rep 2, CREB1 ChIP-Seq - LNCaP-abl, FOXA1 siRNA | CREB1 ChIP-Seq - Rep 2, CREB1 siRNA | FOXA1 ChIP-Seq - Rep 1, CREB1 ChIP-Seq - Rep 1",,,
FOXA1,CPT1A,mammarygland,"FOXA1 ChIP-Seq - Rep 2, 17BE2 | FOXA1 ChIP-Seq - Rep 2, DHT | FOXA1 ChIP-Seq, DEX | FOXA1 ChIP-Seq - Rep 1, 17BE2 | FOXA1 ChIP-Seq - Rep 1, DEX | FOXA1 ChIP-Seq - Rep 2, FOXA1 ChIP-Seq - Rep 2, FOXA1 IP - T47D cells, 17BE2 | FOXA1 ChIP-Seq - Rep 1, FOXA1 ChIP-Seq - Rep 1, FOXA1 ChIP-Seq - Rep 1, FOXA1 ChIP-Seq - Rep 1, DEX | FOXA1 ChIP-Seq - Rep 1, DEX | FOXA1 ChIP-Seq - Rep 2, 17BE2 | FOXA1 ChIP-Seq - Rep 2",,,
RUNX1,CPT1A,hspcs,"RUNX1, RUNX1 IP",,,
TP73,CPT1A,bone,"TP73 IP - beta isoform, Rep 1, TP73 IP - beta isoform, Rep 2",,,
17BE2,CPT1A,mammarygland,"17BE2 | FOXA1 ChIP-Seq - Rep 2, 17BE2 | FOXA1 ChIP-Seq - Rep 1, 17BE2 | FOXA1 ChIP-Seq - Rep 1, 17BE2 | FOXA1 ChIP-Seq - Rep 2",,,
RUNX1,CPT1A,leukocytes,"RUNX1 IP, SPI1 IP | RUNX1 KD, RUNX1 IP - N terminus 1, RUNX1 IP",,,
TCF21,CPT1A,vasculature,"TCF21 IP, TCF21 IP",,,
YY1,CPT1A,leukocytes,"YY1 IP - K562 cells, Rep 1, YY1 IP - GM12878 cells, YY1 IP - K562 cells, Rep 2",,,
CEBPB,CPT1A,colon,"CEBPB IP - HCT116 cells, CEBPB IP | 125DVD3, CEBPB IP",,,
GATA3,CPT1A,lung,GATA3 IP - A549 cells,,,
RELA,CPT1A,adiposetissue,"RELA IP, RELA IP, RELA IP, RELA IP",,,
CTCF,CPT1A,skin,"CTCF IP - GM12878 cells, Rep 2 , CTCF IP - AG10803 cells, Rep 2 , CTCF IP - AG04449 cells, Rep 1 , CTCF IP - NHDF cells , CTCF IP - NHEK cells, Rep 2 , CTCF IP - NHEK cells ",,,
GABPA,CPT1A,prostate,"GABPA IP | R1881, GABPA IP - Rep 1",,,
R1881,CPT1A,prostate,"GABPA IP | R1881, R1881 | FOXA1 ChIP-Seq - Rep 1, GATA2 KD + R1881 | GATA2 ChIP-Seq, CON KD + R1881 | GATA2 ChIP-Seq, CON KD + R1881 | FOXA1 ChIP-Seq - Rep 2, PIAS1 + R1881 | FOXA1 ChIP-Seq - Rep 2",,,
TCF3,CPT1A,leukocytes,TCF3 IP - GM12878 cells,,,
BHLHE40,CPT1A,leukocytes,"BHLHE40 IP - K562 cells, BHLHE40 IP - GM12878 cells",,,
ZEB1,CPT1A,leukocytes,ZEB1 IP - GM12878 cells,,,
USF1,CPT1A,leukocytes,"USF1 IP - K562 cells, USF1 IP - GM12878 cells",,,
CEBPB,CPT1A,leukocytes,"CEBPB IP | oxLDL  - Rep 208, CEBPB ChIP-Seq - K562, CEBPB IP",,,
CTCF,CPT1A,colon,"CTCF IP - Caco , CTCF IP - HCT116 cells, Rep 2 , CTCF IP - HCT116 cells, CTCF IP - HCT116 cells, Rep 1 , CTCF IP - Rep 2 , CTCF IP - Caco-2 cells, Rep 1 ",,,
CTCF,CPT1A,kidney,"CTCF IP - HRE cells, Rep 2 , CTCF IP - HEK293 cells, Rep 2 , CTCF IP - RPTEC cells, Rep 1 , CTCF IP - HEK293 cells, Rep 1 , CTCF IP - RPTEC cells, Rep 2 , CTCF IP - HRE cells, Rep 1 ",,,
E2F1,CPT1A,prostate,"E2F1 ChIP-Seq - Rep 1, HES6 OE + BICALU | E2F1 ChIP-Seq - Rep 3, HES6 OE | E2F1 ChIP-Seq - Rep 4, BICALU | E2F1 ChIP-Seq - Rep 1, BICALU | E2F1 ChIP-Seq - Rep 2, BICALU + HES6OE | E2F1 ChIP-Seq - Rep 4, HES6 OE | E2F1 ChIP-Seq - Rep 2, BICALU | E2F1 ChIP-Seq - Rep 3, HES6 OE | E2F1 ChIP-Seq - Rep 3, E2F1 ChIP-Seq - Rep 2, E2F1 ChIP-Seq - Rep 3, HES6 OE | E2F1 ChIP-Seq - Rep 1, HES6 OE + BICALU | E2F1 ChIP-Seq - Rep 1, E2F1 ChIP-Seq - Rep 4",,,
NFYA,CPT1A,uterus,NFYA IP - HeLa cells,,,
CTCF,CPT1A,mammarygland,"CTCF IP - HMEC cells, Rep 1 , CTCF IP - T47D cells, CTCF IP - HMEC cells , CTCF IP - MCF-7 cells Rep 2 , CTCF IP - MCF-7 cells, Rep 1 , CTCF IP - HMEC cells, Rep 2 , CTCF IP - MCF7 cells",,,
REST,CPT1A,leukocytes,REST IP - K562 cells,,,
MAZ,CPT1A,lung,MAZ IP - IMR cells,,,
CEBPB,CPT1A,liver,"CEBPB IP - HepG2 cells, CEBPB ChIP-Seq - HepG2, CEBPB IP | FORSK - HepG2 cells",,,
CTCF,CPT1A,cns,"CTCF IP - SK-N-SH cells , CTCF IP - HCPEpiC cells, Rep 1 , CTCF IP - SK-N-SH cells, Rep 1 , CTCF IP - spinal cord astrocyte cells, Rep 2 , CTCF IP - cerebellar astrocyte cells, Rep 1 , CTCF IP - cerebellar astrocyte cells, Rep 2 ",,,
USF2,CPT1A,leukocytes,"USF2 IP - K562 cells, USF2 IP - GM12878 cells",,,
125DVD3,CPT1A,colon,CEBPB IP | 125DVD3,,,
JUND,CPT1A,liver,"JUND IP - HepG2 cells, JUND IP - HepG2 cells",,,
ELF1,CPT1A,cns,ELF1 IP - SK-N-SH cells,,,
GABPA,CPT1A,leukocytes,"GABPA IP - GM12878 cells, Rep 2 , GABPA IP - Jurkat, Rep 2, GABPA IP - GM12878 cells, Rep 4 , GABPA IP - Jurkat, Rep 1",,,
GATA2,CPT1A,prostate,"CON KD | GATA2 ChIP-Seq, GATA2 ChIP-Seq - Rep 1, FOXA1 + FBS | GATA2 ChIP-Seq, CON KD  | GATA2 ChIP-Seq, GATA2 KD + R1881 | GATA2 ChIP-Seq, CON KD + R1881 | GATA2 ChIP-Seq, CON KD + FBS | GATA2 ChIP-Seq, GATA2 KD  | GATA2 ChIP-Seq, GATA2 ChIP-Seq, FOXA1 KD | GATA2 ChIP-Seq, GATA2 ChIP-Seq - Rep 2",,,
E2F1,CPT1A,mammarygland,"E2F1 IP, E2F1 IP - MCF7 cells",,,
BICALU,CPT1A,prostate,"HES6 OE + BICALU | E2F1 ChIP-Seq - Rep 3, BICALU | E2F1 ChIP-Seq - Rep 1, BICALU | E2F1 ChIP-Seq - Rep 2, BICALU + HES6OE | E2F1 ChIP-Seq - Rep 4, BICALU | E2F1 ChIP-Seq - Rep 3, HES6 OE + BICALU | E2F1 ChIP-Seq - Rep 1",,,
HES6,CPT1A,prostate,"HES6 OE + BICALU | E2F1 ChIP-Seq - Rep 3, HES6 OE | E2F1 ChIP-Seq - Rep 4, BICALU + HES6OE | E2F1 ChIP-Seq - Rep 4, HES6 OE | E2F1 ChIP-Seq - Rep 2, HES6 OE | E2F1 ChIP-Seq - Rep 3, HES6 OE | E2F1 ChIP-Seq - Rep 1, HES6 OE + BICALU | E2F1 ChIP-Seq - Rep 1",,,
TCF7L2,CPT1A,uterus,TCF7L2 IP - HeLa cells,,,
CTCF,CPT1A,placenta,"CTCF IP - HVMF cells, Rep 1 , CTCF IP - HVMF cells, Rep 2 ",,,
FOXM1,CPT1A,mammarygland,"FOXM1 IP - MCF7 cells, FOXM1 IP | THSP - DS006",,,
CTCF,CPT1A,lung,"CTCF IP - A549 cells , CTCF IP - SAEC cells, Rep 2 , CTCF IP - SAEC cells, Rep 1 , CTCF IP - AG04450 cells, Rep 1 , CTCF IP - A549 cells, Rep 2 , CTCF IP | DEX - A549 cells",,,
E2F4,CPT1A,mammarygland,E2F4 IP | 4HT - MCF10 cells,,,
4HT,CPT1A,mammarygland,"E2F4 IP | 4HT - MCF10 cells, FOS IP | 4HT - MCF10A cells, 12 h, STAT3 IP | 4HT - MCF10 cells, 36 h, FOS IP | 4HT - MCF10A cells, 36 h, FOS IP | 4HT - MCF10A cells, 4 h",,,
SP1,CPT1A,leukocytes,"SP1 IP - GM12878 cells, SP1 IP - K562 cells",,,
JUND,CPT1A,colon,JUND IP - HCT116 cells,,,
ZBTB17,CPT1A,bone,ZBTB17 IP,,,
MAZ,CPT1A,leukocytes,MAZ IP - K562 cells,,,
ETV5,CPT1A,colon,ETV5 IP ,,,
MYC,CPT1A,mammarygland,DHT | MYC ChIP-Seq,,,
DHT,CPT1A,mammarygland,"DHT | MYC ChIP-Seq, DHT | FOXA1 ChIP-Seq",,,
CEBPB,CPT1A,stemcells,"CEBPB IP, CEBPB IP, CEBPB IP, CEBPB IP, CEBPB IP",,,
USF1,CPT1A,lung,"USF1 IP - A549 cells, Rep 2, USF1 IP - A549 cells, Rep 1, USF1 IP | DEX - A549 cells",,,
TEAD4,CPT1A,cns,TEAD4 IP - SK-N-SH cells,,,
MEF2B,CPT1A,kidney,"MEF2B IP | MEF2B D83V OE - Rep 1, MEF2B IP | MEF2B OE - Rep 2, MEF2B IP | MEF2B OE - Rep 1",,,
TEAD4,CPT1A,leukocytes,TEAD4 IP - K562 cells,,,
USF2,CPT1A,stemcells,USF2 IP - H1 cells,,,
MAX,CPT1A,leukocytes,"MAX IP - K562 cells, MAX IP - K562 cells, Rep 1, MAX IP - GM12878 cells, MAX IP - NB4 cells, MAX IP - K562 cells, Rep 2",,,
EGR1,CPT1A,colon,EGR1 IP - HCT116 cells,,,
CTCF,CPT1A,uterus,"CTCF IP - ECC1 cells, CTCF IP - HeLa cells , CTCF IP - HeLa cells, Rep 1 ",,,
TCF12,CPT1A,stemcells,TCF12 IP - H1 cells,,,
TEAD4,CPT1A,colon,TEAD4 IP - HCT116 cells,,,
MAX,CPT1A,stemcells,MAX IP - H1 cells,,,
ELF1,CPT1A,liver,ELF1 IP - HepG2 cells,,,
MAX,CPT1A,colon,MAX IP - HCT116 cells,,,
TBP,CPT1A,uterus,TBP IP - HeLa cells,,,
CTCF,CPT1A,erythroidlineage,"CTCF IP - HEL 92.1.7 cells, Rep 14 , CTCF IP - Erythroid cells, Rep 2, CTCF IP - HEL 92.1.7 cells, Rep 8 , CTCF IP - HEL 92.1.7 cells, Rep 5 , CTCF IP - HEL 92.1.7 cells, Rep 2 , CTCF IP - HEL 92.1.7 cells, Rep 11 , CTCF IP - Erythroid cells, Rep 1",,,
UBTF,CPT1A,leukocytes,UBTF IP - K562 cells,,,
TCF7L2,CPT1A,pancreas,TCF7L2 IP,,,
MYB,CPT1A,leukocytes,"MYB IP - MOLT3, MYB IP - Jurkat, Rep 5, MYB IP - Jurkat, Rep 4, MYB IP - Jurkat, Rep 1, MYB IP - Jurkat, Rep 2, MYB IP - Jurkat, Rep 3",,,
TEAD4,CPT1A,liver,"TEAD4 IP - MCF7 cells, TEAD4 IP - HepG2 cells",,,
USF1,CPT1A,liver,USF1 IP - HepG2 cells,,,
FOXA2,CPT1A,liver,"FOXA2 ChIP-Seq - Biol Rep 3, Tech Rep 1, FOXA2 IP - HepG2 cells","19822575,",,
HOXA6,CPT1A,colon,HOXA6 IP ,,,
MAFK,CPT1A,liver,"MAFK IP - HepG2 cells, Rep 2, MAFK IP - HepG2 cells, Rep 1",,,
CREB1,CPT1A,lung,CREB1 IP | DEX - A549 cells,,,
DEX,CPT1A,lung,"CREB1 IP | DEX - A549 cells, CTCF IP | DEX - A549 cells, USF1 IP | DEX - A549 cells",,,
FOS,CPT1A,mammarygland,"FOS IP | 4HT - MCF10A cells, 12 h, FOS IP | 4HT - MCF10A cells, 36 h, FOS IP | 4HT - MCF10A cells, 4 h",,,
MAZ,CPT1A,uterus,MAZ IP - HeLa cells,,,
MAX,CPT1A,lung,"MAX IP - A549 cells, MAX IP - A549 cells",,,
GLI2,CPT1A,colon,GLI2 IP ,,,
EBF1,CPT1A,leukocytes,"EBF1 IP - GM12878 cells, EBF1 IP - GM12878 cells",,,
CREB1,CPT1A,liver,"CREB1 IP - HepG2 cells, CREB1 IP, CREB1 IP",,,
YY1,CPT1A,colon,YY1 IP - HCT116 cells,,,
RELA,CPT1A,leukocytes,"RELA IP | BAY082  - IVD Th1 cells, PIA",,,
BAY082,CPT1A,leukocytes,"RELA IP | BAY082  - IVD Th1 cells, PIA",,,
FOSL2,CPT1A,liver,FOSL2 IP - HepG2 cells,,,
E2F6,CPT1A,leukocytes,"E2F6 IP - K562 cells, E2F6 IP - K562 cells",,,
STAT3,CPT1A,mammarygland,"STAT3 IP | 4HT - MCF10 cells, 36 h, STAT3 IP - MCF10A cells, Rep 1",,,
THAP1,CPT1A,leukocytes,THAP1 IP - K562 cells,,,
ARID3A,CPT1A,liver,ARID3A IP - HepG2 cells,,,
SP1,CPT1A,liver,SP1 IP - HepG2 cells,,,
NFYB,CPT1A,uterus,NFYB IP - HeLa cells,,,
ELF1,CPT1A,leukocytes,"ELF1 IP - SK-N-SH cells, ELF1 IP - SK-N-SH cells",,,
TP53,CPT1A,mammarygland,"TP53 IP, TP53 IP | NUTL3 - MCF-7",,,
KLF11,CPT1A,adiposetissue,"ROSI (BrAT) | KLF11 ChIP-Seq, Rep 1, KLF11 ChIP-Seq, Rep 1, ROSI (BrAT) | KLF11 ChIP-Seq, Rep 2, KLF11 ChIP-Seq, Rep 2",,,
ROSI,CPT1A,adiposetissue,"ROSI (BrAT) | KLF11 ChIP-Seq, Rep 1, ROSI (BrAT) | KLF11 ChIP-Seq, Rep 2",,,
NFYB,CPT1A,leukocytes,"NFYB IP - GM12878 cells, NFYB IP - K562 cells",,,
GATA3,CPT1A,mammarygland,"GATA3 IP - T47D cells, GATA3 IP - MCF-7 cells, GATA3 IP - MCF7 cells",,,
YY1,CPT1A,cns,"YY1 IP - SK-N-SH cells, YY1 IP | ATRA - SK-N-SH cells",,,
CTCF,CPT1A,vasculature,"CTCF IP - HUVEC cells, Rep 1 , CTCF IP - HBMEC cells, Rep 2 , CTCF IP - HBMEC cells, Rep 1 , CTCF IP - HPAF cells, Rep 1 , CTCF IP - HUVEC cells, Rep 2 ",,,
GABPA,CPT1A,lung,GABPA IP - A549 cells,,,
ZBTB7A,CPT1A,uterus,ZBTB7A IP - ECC1 cells,,,
JUN,CPT1A,colon,JUN IP ,,,
TFAP4,CPT1A,leukocytes,TFAP4 IP - Rep 1,,,
TAL1,CPT1A,leukocytes,"TAL1 IP - K562 cells, TAL1 IP - MOLT3",,,
DEX,CPT1A,mammarygland,"DEX | FOXA1 ChIP-Seq - Rep 1, DEX | FOXA1 ChIP-Seq - Rep 2, DEX | FOXA1 ChIP-Seq - Rep 1, DEX | FOXA1 ChIP-Seq - Rep 2",,,
ELF1,CPT1A,mammarygland,ELF1 IP - MCF7 cells,,,
USF1,CPT1A,cns,"USF1 IP - SK-N-SH cells, USF1 IP | ATRA - SK-N-SH cells",,,
FOXA1,CPT1A,liver,"FOXA1 IP - HepG2 cells, Rep 1, FOXA1 IP - HepG2 cells, Rep 2",,,
REST,CPT1A,cns,"REST IP - PFSK1 cells, Rep 2, REST IP - U87 cells, REST IP - SK cells",,,
HEY1,CPT1A,liver,HEY1 IP - HepG2 cells,,,
MAFK,CPT1A,lung,MAFK IP - IMR cells,,,
TCF12,CPT1A,lung,TCF12 IP - A549 cells,,,
E2F4,CPT1A,uterus,E2F4 IP - HeLa cells,,,
GATA2,CPT1A,leukocytes,GATA2 IP - K562 cells,,,
MXI1,CPT1A,cns,MXI1 IP - SK-N-SH cells ,,,
FOXP2,CPT1A,cns,"FOXP2 IP - SK cells, FOXP2 IP - PFSK-1 cells",,,
MYC,CPT1A,uterus,MYC IP - HeLa cells,,,
TBP,CPT1A,leukocytes,TBP IP - K562 cells,,,
NFATC1,CPT1A,leukocytes,NFATC1 IP - GM12878 cells,,,
SRF,CPT1A,colon,SRF IP - HCT116 cells,,,
ATF2,CPT1A,colon,ATF2 IP ,,,
NANOG,CPT1A,stemcells,"NANOG IP - Rep 2, NANOG IP - Rep 1, NANOG IP - Rep 8 , NANOG IP - Rep 6 , NANOG IP - Rep 9 , NANOG IP - Rep 5 , NANOG IP - Rep 4 ",,,
ATF3,CPT1A,stemcells,ATF3 IP - H1 cells,,,
SP1,CPT1A,colon,SP1 IP - HCT116 cells,,,
ZNF143,CPT1A,leukocytes,ZNF143 IP - GM12878 cells,,,
CEBPB,CPT1A,lung,"CEBPB ChIP-Seq - A549, CEBPB ChIP-Seq - IMR90",,,
REST,CPT1A,liver,"REST IP - HepG2 cells, Rep 1",,,
FOXA1,CPT1A,stemcells,FOXA1 IP - Rep 5 ,,,
FOXH1,CPT1A,stemcells,FOXH1 ChIP-Seq - Escs,,,
CREB1,CPT1A,stemcells,CREB1 IP - H1 cells,,,
SIX2,CPT1A,kidney,"SIX2 IP - 17 weeks, Rep 2, SIX2 IP - 17 weeks, Rep 1",,,
EGR1,CPT1A,leukocytes,EGR1 IP - K562 cells,,,
JQ1,CPT1A,prostate,"JQI | ERG ChIP-Seq - Rep 2, JQI | ERG ChIP-Seq - Rep 1",,,
MAX,CPT1A,liver,"MAX IP - HepG2 cells, MAX IP - HepG2 cells, MAX IP - MCF7 cells",,,
SP1,CPT1A,lung,SP1 IP - A549 cells,,,
TCF12,CPT1A,uterus,TCF12 IP - ECC1 cells,,,
TCF12,CPT1A,cns,TCF12 IP - SK-N-SH cells,,,
MAZ,CPT1A,liver,MAZ IP - HepG2 cells,,,
NFKB2,CPT1A,leukocytes,"NFKB2 IP - Rep 1, NFKB2 IP - Rep 2",,,
USF1,CPT1A,stemcells,USF1 IP - H1 cells,,,
ATRA,CPT1A,cns,"YY1 IP | ATRA - SK-N-SH cells, USF1 IP | ATRA - SK-N-SH cells",,,
GTF2F1,CPT1A,uterus,GTF2F1 IP - HeLa cells,,,
TBP,CPT1A,liver,TBP IP - HepG2 cells,,,
TCF7L2,CPT1A,hspcs,TCF7L2 IP - Rep 2,,,
IRF1,CPT1A,pancreas,IRF1 IP,,,
TAL1,CPT1A,megakaryocytelineage,"TAL1 IP - CHRF-288-11 cells, Rep 1 ",,,
GATA2,CPT1A,cns,GATA2 ChIP-Seq SH-SY5Y,,,
MYBL2,CPT1A,liver,MYBL2 IP - HepG2 cells,,,
PBX3,CPT1A,cns,PBX3 IP - SK-N-SH cells,,,
NFKB1,CPT1A,leukocytes,"NFKB1 IP - Rep 2, NFKB1 IP - Rep 1",,,
ARNTL,CPT1A,bone,ARNTL IP,,,
IRF4,CPT1A,leukocytes,IRF4 IP,,,
TP63,CPT1A,thyroidgland,TP63 IP - TT MTC,,,
CTCF,CPT1A,heart,"CTCF IP - HCF cells , CTCF IP - myocytes cells, Rep 1 ",,,
ZNF143,CPT1A,uterus,ZNF143 IP - HeLa cells,,,
SRF,CPT1A,mammarygland,SRF IP - MCF7 cells,,,
GABPA,CPT1A,liver,"GABPA IP, GABPA IP - MCF7 cells, GABPA IP - HepG2 cells, GABPA IP",,,
USF2,CPT1A,uterus,USF2 IP - HeLa cells,,,
REST,CPT1A,stemcells,"REST IP - H1 cells, Rep 1",,,
E2F6,CPT1A,lung,E2F6 IP - A549 cells,,,
KLF5,CPT1A,stomach,KLF5 IP - KATOIII,,,
CTCF,CPT1A,liver,"CTCF IP - SK-N-SH cells, CTCF IP - HepG2 cells, Rep 1 , CTCF IP - HepG2 cells, Rep 2 ",,,
YY1,CPT1A,liver,YY1 IP - HepG2 cells,,,
BHLHE40,CPT1A,lung,BHLHE40 IP - A549 cells,,,
E2F3,CPT1A,colon,E2F3 IP ,,,
IRF1,CPT1A,colon,IRF1 IP ,,,
ATF3,CPT1A,colon,ATF3 IP - HCT116 cells,,,
FOXM1,CPT1A,uterus,FOXM1 IP - ECC1 cells,,,
REST,CPT1A,lung,REST IP - A549 cells,,,
PAX5,CPT1A,leukocytes,"PAX5 IP - GM12878 cells, Rep 1",,,
MAFF,CPT1A,leukocytes,MAFF IP - K562 cells,,,
CEBPB,CPT1A,uterus,CEBPB ChIP-Seq - HeLaS3,,,
USF2,CPT1A,liver,USF2 IP - HepG2 cells,,,
ETS1,CPT1A,leukocytes,ETS1 IP,,,
CREB1,CPT1A,leukocytes,"CREB1 IP - K562 cells, CREB1 IP - GM12878 cells",,,
SOX2,CPT1A,esophagus,SOX2 IP - KYSE-70,,,
HOXA4,CPT1A,colon,HOXA4 IP ,,,
IRF1,CPT1A,leukocytes,"IRF1 IP - Rep 1, IRF1 IP - Rep 2, IRF1 IP - Rep 3",,,
IFNG,CPT1A,leukocytes,"IRF1 IP - Rep 1, STAT1 IP - Rep 5, MYC IP | IFNG - K562 cells, 30 min, IRF1 IP - Rep 2, STAT1 IP - Rep 2, IRF1 IP - Rep 3, STAT1 IP - Rep 1, STAT1 IP - Rep 4, STAT1 IP - Rep 3, STAT1 IP - Rep 6",,,
FOSL1,CPT1A,colon,FOSL1 IP - HCT116 cells,,,
MAX,CPT1A,cns,MAX IP - SK-N-SH cells,,,
REST,CPT1A,pancreas,"REST IP - Panc1 cells, Rep 3",,,
CEBPA,CPT1A,adiposetissue,CEBPA ChIP-Seq,,,
STAT1,CPT1A,leukocytes,"STAT1 IP - Rep 5, STAT1 IP - Rep 2, STAT1 IP - Rep 1, STAT1 IP - Rep 4, STAT1 IP - Rep 3, STAT1 IP - Rep 6",,,
JUND,CPT1A,cns,JUND IP - SK-N-SH cells,,,
FLI1,CPT1A,hspcs,FLI1 IP,,,
CTCF,CPT1A,pancreas,CTCF IP,,,
SRF,CPT1A,uterus,SRF IP - ECC1 cells,,,
TAL1,CPT1A,colon,TAL1 IP ,,,
YY1,CPT1A,uterus,YY1 IP - ECC1 cells,,,
CTCF,CPT1A,skeletalmuscle,"CTCF IP - HSMM cells, Rep 2 , CTCF IP - HSMM cells, Rep 1 ",,,
YY1,CPT1A,lung,YY1 IP - A549 cells,,,
CEBPB,CPT1A,mammarygland,CEBPB IP - MCF7 cells,,,
FORSK,CPT1A,liver,CEBPB IP | FORSK - HepG2 cells,,,
POU2F2,CPT1A,leukocytes,POU2F2 IP - GM12878 cells,,,
ELF1,CPT1A,colon,ELF1 IP - HCT116 cells,,,
ATF3,CPT1A,liver,ATF3 IP - HepG2 cells,,,
E2F6,CPT1A,stemcells,E2F6 IP - H1 cells,,,
HMGN3,CPT1A,leukocytes,HMGN3 IP - K562 cells,,,
GATA4,CPT1A,stomach,GATA4 IP - AGS,,,
STAT5A,CPT1A,leukocytes,STAT5A IP - GM12878 cells,,,
PBX3,CPT1A,leukocytes,PBX3 IP - GM12878 cells,,,
USF1,CPT1A,uterus,USF1 IP - ECC1 cells,,,
ZNF384,CPT1A,leukocytes,ZNF384 IP - K562 cells,,,
ATF3,CPT1A,leukocytes,"ATF3 IP - GM12878 cells, ATF3 IP - K562 cells",,,
GABPA,CPT1A,uterus,GABPA IP - HeLa cells,,,
BCL3,CPT1A,leukocytes,BCL3 IP - GM12878 cells,,,
MAX,CPT1A,vasculature,MAX IP - HUVEC cells,,,
PIAS1,CPT1A,prostate,PIAS1 + R1881 | FOXA1 ChIP-Seq - Rep 2,,,
TBP,CPT1A,stemcells,TBP IP - H1 cells,,,
SOX2,CPT1A,thyroidgland,SOX2 IP - TT MTC,,,
USF1,CPT1A,colon,USF1 IP - HCT116 cells,,,
TCF12,CPT1A,liver,TCF12 IP - HepG2 cells,,,
SOX2,CPT1A,stemcells,SOX2 IP,,,
CTCF,CPT1A,esophagus,"CTCF IP - HEEpiC cells, Rep 1 ",,,
SP1,CPT1A,stemcells,SP1 IP - H1 cells,,,
LYL1,CPT1A,leukocytes,LYL1 IP - Kasumi-1,,,
FOXP1,CPT1A,prostate,DHT | FOXP1 ChIP-Seq,,,
STAT5B,CPT1A,leukocytes,STAT5B IP | IL2 - Rep 2,,,
IL2,CPT1A,leukocytes,STAT5B IP | IL2 - Rep 2,,,
MAFF,CPT1A,liver,MAFF IP - HepG2 cells,,,
RUNX1T1,CPT1A,leukocytes,RUNX1T1 IP,,,
GATA3,CPT1A,cns,GATA3 IP - SK-N-SH cells,,,
PDX1,CPT1A,pancreas,PDX1 IP,,,
GABPA,CPT1A,cns,GABPA IP - SK-N-SH cells,,,
NFYA,CPT1A,colon,NFYA IP ,,,
ZBTB7A,CPT1A,leukocytes,ZBTB7A IP - SK-N-SH cells,,,
HIF1A,CPT1A,bone,HIF1A IP,,,
MXI1,CPT1A,liver,MXI1 IP - HepG2 cells,,,
TEAD4,CPT1A,uterus,TEAD4 IP - ECC1 cells,,,
RELA,CPT1A,colon,RELA IP ,,,
CTCF,CPT1B,bone,CTCF IP - Osteoblasts ,,,
CTCF,CPT1B,vasculature,"CTCF IP - HUVEC cells, Rep 2 , CTCF IP - HPAF cells, Rep 1 , CTCF IP - AoAFC cells, Rep 1 , CTCF IP - HPAF cells, Rep 2 , CTCF IP - HUVEC cells, Rep 1 , CTCF IP - HBMEC cells, Rep 1 , CTCF IP - HUVEC cells , CTCF IP - HBMEC cells, Rep 2 ",,,
YY1,CPT1B,colon,YY1 IP - HCT116 cells,,,
FOXP1,CPT1B,colon,FOXP1 IP ,,,
TEAD4,CPT1B,uterus,TEAD4 IP - ECC1 cells,,,
CTCF,CPT1B,mammarygland,"CTCF IP - HMF cells, Rep 2 , CTCF IP - MCF-7 cells Rep 2 , CTCF IP - MCF-7 cells, Rep 1 , CTCF IP - HMEC cells, Rep 2 , CTCF IP - MCF7 cells, CTCF IP - T47D cells, CTCF IP - HMEC cells , CTCF IP - HMF cells, Rep 1 , CTCF IP - HMEC cells, Rep 1 ",,,
CTCF,CPT1B,lung,"CTCF IP - AG04450 cells, Rep 1 , CTCF IP - IMR cells, CTCF IP - AG04450 cells, Rep 2 , CTCF IP - HPF cells, Rep 2 , CTCF ChIP-Seq - A549, CTCF IP - A549 cells, CTCF IP | DEX - A549 cells, CTCF IP - A549 cells, Rep 2 , CTCF IP - NHLF cells , CTCF IP - SAEC cells, Rep 1 , CTCF IP | DEX - A549 cells , CTCF IP - SAEC cells, Rep 2 , CTCF IP - A549 cells , CTCF IP - HPF cells, Rep 1 ",,,
FOXA1,CPT1B,liver,"FOXA1 IP - HepG2 cells, Rep 2, FOXA1 IP - HepG2 cells, Rep 1",,,
STAT1,CPT1B,leukocytes,"STAT1 IP - Rep 1, STAT1 IP - Rep 4, STAT1 IP - Rep 2, STAT1 IP - Rep 3, STAT1 IP - Rep 5",,,
IFNG,CPT1B,leukocytes,"STAT1 IP - Rep 1, STAT1 IP - Rep 4, MYC IP | IFNG - K562 cells, 6 h, STAT1 IP - Rep 2, STAT1 IP - Rep 3, MYC IP | IFNG - K562 cells, 30 min, IRF1 IP | IFNG - K562 cells, 6 h, IRF1 IP | IFNG - K562 cells, 30 min, STAT1 IP - Rep 5",,,
CTCF,CPT1B,miscellaneous,"CTCF IP - AG09319 cells, Rep 1 ",,,
E2F3,CPT1B,colon,E2F3 IP ,,,
CTCF,CPT1B,leukocytes,"CTCF IP - GM19099 cells, Rep 1 , CTCF IP - KU812 cells, Rep 5 , CTCF IP - GM19099 cells, Rep 2 , CTCF IP - F36P cells, Rep 19 , CTCF IP - GM2255 cells, Rep 1 , CTCF IP - K562 cells, CTCF IP - GM12878 cells, Rep 1 , CTCF IP - GM19239 cells, Rep 1 , CTCF IP - GM12878 cells, Rep 2 , CTCF IP - F36P cells, Rep 14 , CTCF ChIP-Seq - GM12878, CTCF IP - HeLa cells, Rep 2 , CTCF IP - K562 cells, Rep 15 , CTCF IP -  CD20+ cells , CTCF IP - GM2610 cells, Rep 2 , CTCF IP - GM19238 cells, Rep 1 , CTCF IP - NB4 cells , CTCF IP - GM19240 cells, Rep 2 , CTCF IP - GM2588 cells, Rep 3 , CTCF IP -  DND , CTCF IP - F36P cells, Rep 2 , CTCF IP - K562 cells , CTCF IP - K562 cells, Rep 12 , CTCF IP, CTCF IP - MS1 cells, Rep 1 , CTCF IP - GM12892 cells, Rep 1 , CTCF IP - K562 cells, CTCF IP - MS1 cells, Rep 2 , CTCF IP - UT-7 cells, Rep 5 , CTCF IP - GM2630 cells, Rep 3 , CTCF IP - GM19239 cells, Rep 2 , CTCF IP - GM12874 cells, Rep 1 , CTCF IP - GM12891 cells, Rep 2 , CTCF IP - UT-7 cells, Rep 6 , CTCF IP - K562 cells, Rep 13 , CTCF IP - GM19240 cells, Rep 1 , CTCF IP - GM2630 cells, Rep 1 , CTCF IP - UT-7 cells, Rep 3 , CTCF IP - KU812 cells, Rep 17 , CTCF IP - KU812 cells, Rep 13 , CTCF IP - F36P cells, Rep 6 , CTCF IP - GM18486 cells, Rep 3 , CTCF IP - GM12890 cells, Rep 1 , CTCF IP - GM2255 cells, Rep 2 , CTCF IP - K562 cells, Rep 11 , CTCF IP - K562 cells, Rep 1 , CTCF IP - F36P cells, Rep 15 , CTCF IP - MS1 cells, Rep 3 , CTCF IP - GM2630 cells, Rep 2 , CTCF IP - MS1 cells, Rep 4 , CTCF IP - UT-7 cells, Rep 4 , CTCF IP - GM2588 cells, Rep 2 , CTCF IP - GM12891 cells, Rep 1 , CTCF IP - GM2255 cells, Rep 3 , CTCF IP - KU812 cells, Rep 1 , CTCF IP - F36P cells, Rep 11 , CTCF IP - GM19238 cells, Rep 2 , CTCF IP - F36P cells, Rep 3 , CTCF IP - GM19193 cells, Rep 1 , CTCF IP - KU812 cells, Rep 9 , CTCF IP - GM12892 cells, Rep 2 , CTCF IP - GM19193 cells, Rep 2 , CTCF IP - GM2588 cells, Rep 1 , CTCF IP - K562 cells, Rep 14 , CTCF IP - GM06986 cells, CTCF IP - F36P cells, Rep 7 , CTCF IP - K562 cells, Rep 16 ",,,
YY1,CPT1B,uterus,YY1 IP - ECC1 cells,,,
STAT3,CPT1B,mammarygland,"STAT3 IP | 4HT - MCF10 cells, 36 h",,,
4HT,CPT1B,mammarygland,"STAT3 IP | 4HT - MCF10 cells, 36 h, E2F4 IP | 4HT - MCF10 cells",,,
CTCF,CPT1B,liver,"CTCF IP - HepG2 cells , CTCF IP - SK-N-SH cells, CTCF IP - HepG2 cells, Rep 2 , CTCF IP - HepG2 cells, Rep 1 , CTCF IP",,,
TAL1,CPT1B,colon,TAL1 IP ,,,
SP1,CPT1B,liver,SP1 IP - HepG2 cells,,,
RBPJ,CPT1B,leukocytes,"RBPJ IP | COMPE, RBPJ IP | COMPE - wash",,,
COMPE,CPT1B,leukocytes,"RBPJ IP | COMPE, RBPJ IP | COMPE - wash",,,
CEBPB,CPT1B,colon,"CEBPB IP - HCT116 cells, CEBPB IP | 125DVD3, CEBPB IP",,,
POU2F2,CPT1B,leukocytes,POU2F2 IP - GM12878 cells,,,
KLF5,CPT1B,stomach,KLF5 IP - KATOIII,,,
CEBPB,CPT1B,stemcells,"CEBPB IP, CEBPB IP, CEBPB IP",,,
ERG,CPT1B,leukocytes,ERG IP - Rep 1,,,
CEBPB,CPT1B,leukocytes,"CEBPB IP - Rep 204, CEBPB ChIP-Seq - K562, CEBPB IP | oxLDL  - Rep 208, CEBPB IP",,,
GABPA,CPT1B,leukocytes,"GABPA IP - Jurkat, Rep 1, GABPA IP - GM12878 cells, Rep 5 , GABPA IP - Jurkat, Rep 2, GABPA IP - GM12878 cells, Rep 1 , GABPA IP - K562 cells, GABPA IP - HL cells",,,
ZNF384,CPT1B,leukocytes,ZNF384 IP - K562 cells,,,
E2F1,CPT1B,prostate,"BICALU | E2F1 ChIP-Seq - Rep 1, BICALU | E2F1 ChIP-Seq - Rep 3, E2F1 ChIP-Seq - Rep 3, HES6 OE | E2F1 ChIP-Seq - Rep 1, HES6 OE + BICALU | E2F1 ChIP-Seq - Rep 1, E2F1 ChIP-Seq - Rep 4, E2F1 ChIP-Seq - Rep 1, HES6 OE + BICALU | E2F1 ChIP-Seq - Rep 3, HES6 OE | E2F1 ChIP-Seq - Rep 4",,,
BICALU,CPT1B,prostate,"BICALU | E2F1 ChIP-Seq - Rep 1, BICALU | E2F1 ChIP-Seq - Rep 3, HES6 OE + BICALU | E2F1 ChIP-Seq - Rep 1, HES6 OE + BICALU | E2F1 ChIP-Seq - Rep 3",,,
STAT3,CPT1B,leukocytes,"STAT3 IP - SU-DHL-4, STAT3 IP - SU-DHL-6, STAT3 IP - OCI-LY10",,,
CTCF,CPT1B,colon,"CTCF IP - HCT116 cells, Rep 1 , CTCF IP - HCT116 cells, Rep 2 , CTCF IP - Caco-2 cells, Rep 1 , CTCF IP - Caco , CTCF IP - HCT116 cells",,,
SRF,CPT1B,leukocytes,"SRF IP - GM12878 cells, Rep 2, SRF IP - SK-N-SH cells",,,
CTCF,CPT1B,megakaryocytelineage,"CTCF IP - MEG-01 cells, Rep 2 , CTCF IP - MEG-01 cells, Rep 10 , CTCF IP - MEG-01 cells, Rep 4 , CTCF IP - MEG-01 cells, Rep 8 , CTCF IP - MEG-01 cells, Rep 6 ",,,
MYBL2,CPT1B,liver,MYBL2 IP - HepG2 cells,,,
CTCF,CPT1B,cns,"CTCF IP - spinal cord astrocyte cells, Rep 2 , CTCF IP - BE(2)-C cells, Rep 1 , CTCF IP - cerebellar astrocyte cells, Rep 2 , CTCF IP - HCPEpiC cells, Rep 1 , CTCF IP - BE(2)-C cells, Rep 2 , CTCF IP - HCPEpiC cells, Rep 2 , CTCF IP - SK-N-SH cells , CTCF IP - spinal cord astrocyte cells, Rep 1 , CTCF IP - SK cells, CTCF IP - SK-N-SH cells, Rep 1 , CTCF IP - NHA cells ",,,
MAX,CPT1B,leukocytes,"MAX IP - K562 cells, MAX IP - NB4 cells, MAX IP - K562 cells, Rep 2, MAX IP - GM12878 cells",,,
REST,CPT1B,cns,"REST IP - PFSK-N-SH cells1 cells, Rep 1, REST IP - U87 cells, REST IP - PFSK1 cells, Rep 2, REST IP - SK cells",,,
MYC,CPT1B,leukocytes,"MYC IP | IFNG - K562 cells, 6 h, MYC IP | IFNG - K562 cells, 30 min, MYC IP - K562 cells, Rep 2, MYC IP - NB4 cells, MYC IP - K562 cells, Rep 1",,,
YY1,CPT1B,leukocytes,"YY1 IP - K562 cells, Rep 2, YY1 IP - GM12891 cells, YY1 IP - GM12878 cells, YY1 IP - GM12892 cells, Rep 1, YY1 IP - K562 cells, Rep 1",,,
MAX,CPT1B,colon,MAX IP - HCT116 cells,,,
TBP,CPT1B,liver,TBP IP - HepG2 cells,,,
ERG,CPT1B,prostate,"ERG ChIP-Seq, DMSO | ERG ChIP-Seq - Rep 2, ERG ChIP-Seq, DHT | ERG ChIP-Seq - 18 h, DHT | ERG ChIP-Seq - 2 h, DMSO | ERG ChIP-Seq - Rep 1",,,
SNAI2,CPT1B,stemcells,SNAI2 IP - Rep 1 ,,,
YY1,CPT1B,cns,"YY1 IP - SK-N-SH cells, YY1 IP | ATRA - SK-N-SH cells",,,
TCF3,CPT1B,leukocytes,TCF3 IP - GM12878 cells,,,
SPI1,CPT1B,leukocytes,"SPI1 IP, SPI1 IP, SPI1 IP, SPI1 IP, SPI1 IP, SPI1 IP",,,
CTCF,CPT1B,kidney,"CTCF IP - HEK293 cells, Rep 1 , CTCF IP - RPTEC cells, Rep 1 , CTCF IP - RPTEC cells, Rep 2 , CTCF IP - HRE cells, Rep 1 , CTCF IP - HEK293 cells, Rep 2 , CTCF IP - HRE cells, Rep 2 ",,,
MYB,CPT1B,leukocytes,"MYB IP - Jurkat, Rep 3, MYB IP - MOLT3, MYB IP - Jurkat, Rep 5, MYB IP - Jurkat, Rep 4, MYB IP - Jurkat, Rep 1, MYB IP - Jurkat, Rep 2",,,
MYC,CPT1B,mammarygland,"MYC IP - MCF-10A cells, DHT | MYC ChIP-Seq",,,
GABPA,CPT1B,lung,GABPA IP - A549 cells,,,
CTCF,CPT1B,placenta,"CTCF IP - HVMF cells, Rep 2 , CTCF IP - HVMF cells, Rep 1 ",,,
CTCF,CPT1B,skin,"CTCF IP - AG04449 cells, Rep 1 , CTCF IP - AG10803 cells, Rep 2 , CTCF IP - AG04449 cells, Rep 2 , CTCF IP - BJ cells, Rep 1 , CTCF IP - AG10803 cells, Rep 1 , CTCF IP - NHDF cells, Rep 2 , CTCF IP - NHEK cells , CTCF IP - AG09309 cells, Rep 1 , CTCF IP - HFFC cells, Rep 3 , CTCF IP - HFFC cells, Rep 2 , CTCF IP - HFFC cells, Rep 1 , CTCF IP - NHDF cells ",,,
CTCF,CPT1B,erythroidlineage,"CTCF IP - HEL 92.1.7 cells, Rep 2 , CTCF IP - Erythroid cells, Rep 1, CTCF IP - HEL 92.1.7 cells, Rep 11 , CTCF IP - HEL 92.1.7 cells, Rep 8 , CTCF IP - HEL 92.1.7 cells, Rep 5 ",,,
FOXA1,CPT1B,mammarygland,"17BE2 | FOXA1 ChIP-Seq, FOXA1 ChIP-Seq - Rep 2, 17BE2 | FOXA1 ChIP-Seq - Rep 2, FOXA1 ChIP-Seq - Rep 1, DEX | FOXA1 ChIP-Seq - Rep 1, 17BE2 | FOXA1 ChIP-Seq - Rep 2, DHT | FOXA1 ChIP-Seq, 17BE2 | FOXA1 ChIP-Seq - Rep 1, FOXA1 ChIP-Seq - Rep 1",,,
17BE2,CPT1B,mammarygland,"17BE2 | FOXA1 ChIP-Seq, 17BE2 | FOXA1 ChIP-Seq - Rep 2, 17BE2 | FOXA1 ChIP-Seq - Rep 2, 17BE2 | FOXA1 ChIP-Seq - Rep 1",,,
ATF3,CPT1B,stemcells,ATF3 IP - H1 cells,,,
USF1,CPT1B,colon,USF1 IP - HCT116 cells,,,
CTCF,CPT1B,pancreas,CTCF IP,,,
ZNF143,CPT1B,leukocytes,"ZNF143 IP - K562 cells, ZNF143 IP - GM12878 cells",,,
JUN,CPT1B,liver,JUN IP - HepG2 cells,,,
GABPA,CPT1B,prostate,"GABPA IP - Rep 1, GABPA IP | R1881, GABPA IP - Rep 2",,,
CREB1,CPT1B,leukocytes,"CREB1 IP - GM12878 cells, CREB1 IP - K562 cells",,,
E2F6,CPT1B,lung,E2F6 IP - A549 cells,,,
REST,CPT1B,liver,"REST IP - HepG2 cells, Rep 2",,,
NFKB1,CPT1B,leukocytes,"NFKB1 IP - Rep 1, NFKB1 IP - Rep 2",,,
ELK1,CPT1B,uterus,ELK1 IP - HeLa cells,,,
MXI1,CPT1B,liver,MXI1 IP - HepG2 cells,,,
FOXH1,CPT1B,embryonictissue,FOXH1 IP - endoderm,,,
MAX,CPT1B,liver,"MAX IP - HepG2 cells, MAX IP - HepG2 cells, MAX IP - MCF7 cells",,,
SRF,CPT1B,colon,SRF IP - HCT116 cells,,,
SP1,CPT1B,stemcells,"SP1 IP - H1 cells, SP1 IP - Rep 2 , SP1 IP - Rep 1 ",,,
REST,CPT1B,stemcells,"REST IP - H1 cells, Rep 1",,,
CEBPB,CPT1B,liver,"CEBPB IP | FORSK - HepG2 cells, CEBPB ChIP-Seq - HepG2",,,
FORSK,CPT1B,liver,CEBPB IP | FORSK - HepG2 cells,,,
E2F6,CPT1B,leukocytes,"E2F6 IP - K562 cells, E2F6 IP - K562 cells",,,
TEAD4,CPT1B,liver,TEAD4 IP - HepG2 cells,,,
BHLHE40,CPT1B,leukocytes,"BHLHE40 IP - GM12878 cells, BHLHE40 IP - K562 cells",,,
ELF1,CPT1B,leukocytes,"ELF1 IP - SK-N-SH cells, ELF1 IP - SK-N-SH cells",,,
FOXA2,CPT1B,embryonictissue,FOXA2 IP - Rep 2,,,
SP1,CPT1B,colon,SP1 IP - HCT116 cells,,,
IRF1,CPT1B,leukocytes,"IRF1 IP | IFNA1-13 - K562 cells, 6 h, IRF1 IP | IFNG - K562 cells, 6 h, IRF1 IP | IFNG - K562 cells, 30 min",,,
IFNA1,CPT1B,leukocytes,"IRF1 IP | IFNA1-13 - K562 cells, 6 h",,,
KLF11,CPT1B,adiposetissue,"KLF11 ChIP-Seq, Rep 2, ROSI (BrAT) | KLF11 ChIP-Seq, Rep 1, KLF11 ChIP-Seq, Rep 1, ROSI (BrAT) | KLF11 ChIP-Seq, Rep 2",,,
GABPA,CPT1B,liver,"GABPA IP, GABPA IP, GABPA IP - MCF7 cells, GABPA IP - HepG2 cells",,,
NFYB,CPT1B,leukocytes,"NFYB IP - K562 cells, NFYB IP - GM12878 cells",,,
CEBPB,CPT1B,lung,"CEBPB IP - A549 cells, CEBPB ChIP-Seq - A549, CEBPB ChIP-Seq - IMR90",,,
ATRA,CPT1B,cns,"YY1 IP | ATRA - SK-N-SH cells, USF1 IP | ATRA - SK-N-SH cells",,,
GABPA,CPT1B,cns,GABPA IP - SK-N-SH cells,,,
USF1,CPT1B,leukocytes,"USF1 IP - GM12878 cells, USF1 IP - K562 cells",,,
FOS,CPT1B,leukocytes,"FOS IP - K562 cells, FOS IP - GM12878 cells",,,
CTCF,CPT1B,skeletalmuscle,"CTCF IP - HSMM cells, Rep 1 , CTCF IP - HSMM cells, Rep 2 ",,,
TCF12,CPT1B,uterus,TCF12 IP - ECC1 cells,,,
E2F1,CPT1B,uterus,"E2F1 IP - HeLa cells, Rep 2, E2F1 IP - HeLa cells, Rep 1",,,
GATA4,CPT1B,stomach,GATA4 IP - AGS,,,
MAX,CPT1B,cns,MAX IP - SK-N-SH cells,,,
MXI1,CPT1B,cns,MXI1 IP - SK-N-SH cells ,,,
CREB1,CPT1B,prostate,"CREB1 ChIP-Seq - Rep 1, FOXA1 siRNA | CREB1 ChIP-Seq - Rep 1, CREB1 ChIP-Seq - LNCaP, CREB1 ChIP-Seq - LNCaP-abl, CREB1 ChIP-Seq - Rep 2, FOXA1 siRNA | CREB1 ChIP-Seq - Rep 2",,,
DHT,CPT1B,mammarygland,"DHT | MYC ChIP-Seq, DHT | FOXA1 ChIP-Seq, DHT | TCF7L2 ChIP-Seq",,,
MEF2A,CPT1B,leukocytes,MEF2A IP - GM12878 cells,,,
RELA,CPT1B,leukocytes,"RELA IP | BAY082  - IVD Th1 cells, PIA, RELA IP | TNF - GM12891 cells",,,
BAY082,CPT1B,leukocytes,"RELA IP | BAY082  - IVD Th1 cells, PIA",,,
FOXA2,CPT1B,liver,FOXA2 IP - HepG2 cells,,,
CTCF,CPT1B,heart,"CTCF IP - myocytes cells, Rep 1 , CTCF IP - HCF cells , CTCF IP - myocytes cells, Rep 2 ",,,
CTCF,CPT1B,stemcells,"CTCF IP - Rep 4 , CTCF IP - Rep 6 , CTCF IP - Rep 5 , CTCF IP - H1 cells, CTCF IP - Rep 7 , CTCF IP - H1 cells ",,,
HOXA6,CPT1B,colon,HOXA6 IP ,,,
TBP,CPT1B,stemcells,TBP IP - H1 cells,,,
HEY1,CPT1B,leukocytes,HEY1 IP - K562 cells,,,
R1881,CPT1B,prostate,GABPA IP | R1881,,,
DEX,CPT1B,mammarygland,DEX | FOXA1 ChIP-Seq - Rep 1,,,
NFYA,CPT1B,uterus,NFYA IP - HeLa cells,,,
MXI1,CPT1B,leukocytes,MXI1 IP - GM12878 cells,,,
NFYC,CPT1B,colon,NFYC IP ,,,
SP1,CPT1B,leukocytes,"SP1 IP - GM12878 cells, SP1 IP - K562 cells",,,
CREB1,CPT1B,liver,"CREB1 IP, CREB1 IP, CREB1 IP - HepG2 cells, CREB1 IP",,,
DEX,CPT1B,lung,"CTCF IP | DEX - A549 cells, CTCF IP | DEX - A549 cells , CREB1 IP | DEX - A549 cells",,,
CEBPA,CPT1B,leukocytes,CEBPA IP,,,
CTCF,CPT1B,esophagus,"CTCF IP - HEEpiC cells, Rep 1 ",,,
ELK4,CPT1B,uterus,ELK4 IP - HeLa cells,,,
125DVD3,CPT1B,colon,CEBPB IP | 125DVD3,,,
ZBTB7A,CPT1B,uterus,ZBTB7A IP - ECC1 cells,,,
RUNX1,CPT1B,hspcs,RUNX1,,,
ELF1,CPT1B,cns,ELF1 IP - SK-N-SH cells,,,
JUND,CPT1B,leukocytes,JUND IP - K562 cells,,,
YY1,CPT1B,lung,YY1 IP - A549 cells,,,
FOSL2,CPT1B,liver,FOSL2 IP - HepG2 cells,,,
ATF1,CPT1B,leukocytes,ATF1 IP - K562 cells,,,
MAZ,CPT1B,lung,MAZ IP - IMR cells,,,
PAX5,CPT1B,leukocytes,"PAX5 IP - GM12892 cells, PAX5 IP - GM12878 cells, Rep 1, PAX5 IP - GM12878 cells, Rep 2",,,
EBF1,CPT1B,leukocytes,"EBF1 IP - GM12878 cells, EBF1 IP - GM12878 cells",,,
JUND,CPT1B,vasculature,JUND IP,,,
CTCF,CPT1B,sensory,"CTCF IP - WERI-Rb-1- cells, Rep 1 , CTCF IP - HRPEpiC cells, Rep 1 , CTCF IP - HRPEpiC cells, Rep 2 , CTCF IP - WERI ",,,
GTF2B,CPT1B,uterus,"GTF2B IP - Rep 2, GTF2B IP - Rep 3",,,
MAX,CPT1B,uterus,"MAX IP - ECC1 cells, MAX IP - HeLa cells, Rep 1",,,
BHLHE40,CPT1B,liver,BHLHE40 IP - HepG2 cells,,,
DHT,CPT1B,prostate,"DHT | ERG ChIP-Seq - 18 h, DHT | ERG ChIP-Seq - 2 h",,,
FOXA1,CPT1B,prostate,"FOXA1 siRNA | CREB1 ChIP-Seq - Rep 1, FOXA1 siRNA | CREB1 ChIP-Seq - Rep 2",,,
ATF3,CPT1B,leukocytes,ATF3 IP - K562 cells,,,
HES6,CPT1B,prostate,"HES6 OE | E2F1 ChIP-Seq - Rep 1, HES6 OE + BICALU | E2F1 ChIP-Seq - Rep 1, HES6 OE + BICALU | E2F1 ChIP-Seq - Rep 3, HES6 OE | E2F1 ChIP-Seq - Rep 4",,,
MAZ,CPT1B,leukocytes,"MAZ IP - K562 cells, MAZ IP - GM12878 cells",,,
SATB1,CPT1B,liver,SATB1 IP,,,
E2F1,CPT1B,mammarygland,"E2F1 IP - MCF7 cells, E2F1 IP",,,
ETS1,CPT1B,leukocytes,"ETS1 IP, ETS1 IP - GM12878 cells",,,
ZBTB7A,CPT1B,leukocytes,ZBTB7A IP - SK-N-SH cells,,,
TEAD4,CPT1B,leukocytes,TEAD4 IP - K562 cells,,,
FOSL1,CPT1B,colon,FOSL1 IP - HCT116 cells,,,
CTCF,CPT1B,uterus,"CTCF IP - ECC1 cells, CTCF IP - HeLa cells ",,,
ROSI,CPT1B,adiposetissue,"ROSI (BrAT) | KLF11 ChIP-Seq, Rep 1, ROSI (BrAT) | KLF11 ChIP-Seq, Rep 2",,,
EGR1,CPT1B,colon,EGR1 IP - HCT116 cells,,,
JUND,CPT1B,colon,JUND IP - HCT116 cells,,,
JUND,CPT1B,liver,"JUND IP - HepG2 cells, JUND IP - HepG2 cells",,,
ELK1,CPT1B,leukocytes,ELK1 IP - GM12878 cells,,,
REST,CPT1B,leukocytes,REST IP - K562 cells,,,
NFYA,CPT1B,colon,NFYA IP ,,,
CEBPB,CPT1B,uterus,CEBPB ChIP-Seq - HeLaS3,,,
MAX,CPT1B,lung,MAX IP - A549 cells,,,
SRF,CPT1B,stemcells,SRF IP - Rep 7 ,,,
E2F6,CPT1B,stemcells,E2F6 IP - H1 cells,,,
SMAD1,CPT1B,hspcs,SMAD1 IP - Rep 3,,,
NANOG,CPT1B,stemcells,NANOG IP - H1 cells,,,
CREB1,CPT1B,stemcells,CREB1 IP - H1 cells,,,
HEY1,CPT1B,liver,HEY1 IP - HepG2 cells,,,
ELF1,CPT1B,mammarygland,ELF1 IP - MCF7 cells,,,
TBP,CPT1B,uterus,TBP IP - HeLa cells,,,
MAFK,CPT1B,liver,"MAFK IP - HepG2 cells, Rep 2",,,
TEAD4,CPT1B,colon,TEAD4 IP - HCT116 cells,,,
ELF3,CPT1B,pancreas,ELF3 IP,,,
HMGN3,CPT1B,leukocytes,HMGN3 IP - K562 cells,,,
USF1,CPT1B,stemcells,USF1 IP - H1 cells,,,
USF1,CPT1B,cns,USF1 IP | ATRA - SK-N-SH cells,,,
MXI1,CPT1B,lung,MXI1 IP - IMR cells,,,
NFYA,CPT1B,leukocytes,NFYA IP - K562 cells,,,
MAX,CPT1B,stemcells,MAX IP - H1 cells,,,
YY1,CPT1B,stemcells,YY1 IP - H1 cells,,,
CTCF,CPT1B,adiposetissue,"CTCF ChIP-Seq - d 9, CTCF ChIP-Seq - d -2, CTCF ChIP-Seq - d 0",,,
EGR1,CPT1B,liver,EGR1 IP - MCF7 cells,,,
SP1,CPT1B,lung,SP1 IP - A549 cells,,,
ELF1,CPT1B,liver,ELF1 IP - HepG2 cells,,,
TCF7L2,CPT1B,mammarygland,"DHT | TCF7L2 ChIP-Seq, TCF7L2 ChIP-Seq",,,
YY1,CPT1B,liver,YY1 IP - HepG2 cells,,,
ZEB1,CPT1B,liver,ZEB1 IP - HepG2 cells,,,
RUNX1,CPT1B,leukocytes,RUNX1 IP,,,
TEAD4,CPT1B,stemcells,TEAD4 IP - H1 cells,,,
MYC,CPT1B,liver,MYC IP,,,
IRF1,CPT1B,colon,IRF1 IP ,,,
E2F4,CPT1B,mammarygland,E2F4 IP | 4HT - MCF10 cells,,,
HOXA4,CPT1B,colon,HOXA4 IP ,,,
RELA,CPT1B,colon,RELA IP ,,,
GATA1,CPT1B,erythroidlineage,"GATA1 IP - PBDE cells, Rep 1",,,
JUN,CPT1B,colon,JUN IP ,,,
USF1,CPT1B,liver,USF1 IP - HepG2 cells,,,
ELF1,CPT1B,colon,ELF1 IP - HCT116 cells,,,
ATF3,CPT1B,colon,ATF3 IP,,,
TNF,CPT1B,leukocytes,RELA IP | TNF - GM12891 cells,,,
EGR1,CPT1B,leukocytes,EGR1 IP - K562 cells,,,
ARID3A,CPT1B,liver,ARID3A IP - HepG2 cells,,,
CREB1,CPT1B,lung,CREB1 IP | DEX - A549 cells,,,
TBP,CPT1B,leukocytes,TBP IP - K562 cells,,,
NFYB,CPT1B,uterus,NFYB IP - HeLa cells,,,
CTCF,CPT2,lung,"CTCF IP - HPF cells, Rep 1 , CTCF IP - AG04450 cells, Rep 2 , CTCF IP - IMR cells",,,
STAT1,CPT2,uterus,"STAT1 IP | IFNG - HeLa cells, 30 min",,,
IFNG,CPT2,uterus,"STAT1 IP | IFNG - HeLa cells, 30 min",,,
ELF3,CPT2,pancreas,"ELF3 IP, ELF3 IP, ELF3 IP | KLF5 KO",,,
YY1,CPT2,cns,"YY1 IP - SK-N-SH cells, YY1 IP | ATRA - SK-N-SH cells",,,
MYB,CPT2,leukocytes,"MYB IP - Jurkat, Rep 5, MYB IP - Jurkat, Rep 4, MYB IP - Jurkat, Rep 2, MYB IP - Jurkat, Rep 1, MYB IP - Jurkat, Rep 3, MYB IP - MOLT3",,,
RUNX1,CPT2,hspcs,RUNX1,,,
ELF1,CPT2,colon,ELF1 IP - HCT116 cells,,,
GATA2,CPT2,cns,GATA2 ChIP-Seq SH-SY5Y,,,
SP1,CPT2,leukocytes,"SP1 IP - GM12878 cells, SP1 IP - K562 cells",,,
GABPA,CPT2,liver,"GABPA IP - HepG2 cells, GABPA IP, GABPA IP - MCF7 cells, GABPA IP, GABPA IP",,,
HIF1A,CPT2,bone,HIF1A IP,,,
STAT3,CPT2,leukocytes,"STAT3 IP - SU-DHL-6, STAT3 IP - SU-DHL-4, STAT3 IP - OCI-LY10, STAT3 IP - OCI-LY7, STAT3 IP - U-2932",,,
ELK1,CPT2,uterus,"ELK1 IP - HeLa, ELK1 IP - HeLa cells",,,
STAT3,CPT2,mammarygland,"STAT3 IP | 4HT - MCF10 cells, 12 h, STAT3 IP | 4HT - MCF10 cells, 36 h, STAT3 IP - MCF10A cells, Rep 1, STAT3 IP - MCF10A cells, Rep 2",,,
4HT,CPT2,mammarygland,"STAT3 IP | 4HT - MCF10 cells, 12 h, FOS IP | 4HT - MCF10A cells, 36 h, STAT3 IP | 4HT - MCF10 cells, 36 h, E2F4 IP | 4HT - MCF10 cells, FOS IP | 4HT - MCF10A cells, 12 h, FOS IP | 4HT - MCF10A cells, 4 h",,,
ERG,CPT2,prostate,"JQI | ERG ChIP-Seq - Rep 1, DMSO | ERG ChIP-Seq - Rep 2, ERG ChIP-Seq, JQI | ERG ChIP-Seq - Rep 2, DMSO | ERG ChIP-Seq - Rep 1, ERG ChIP-Seq, DHT | ERG ChIP-Seq - 18 h, DHT | ERG ChIP-Seq - 2 h",,,
JQ1,CPT2,prostate,"JQI | ERG ChIP-Seq - Rep 1, JQI | ERG ChIP-Seq - Rep 2",,,
UBTF,CPT2,leukocytes,UBTF IP - K562 cells,,,
ZNF143,CPT2,leukocytes,"ZNF143 IP - GM12878 cells, ZNF143 IP - K562 cells",,,
BHLHE40,CPT2,liver,BHLHE40 IP - HepG2 cells,,,
CTCF,CPT2,vasculature,"CTCF IP - HBMEC cells, Rep 1 , CTCF IP - HPAF cells, Rep 1 ",,,
SPI1,CPT2,leukocytes,"SPI1 IP, SPI1 IP - U-937 cells, Rep 3 , SPI1 IP - HL-60 cells, Rep 2 , SPI1 IP, SPI1 IP - HL cells, SPI1 IP - HL-60 cells, Rep 1 , SPI1 IP, SPI1 IP, SPI1 IP - U-937 cells, Rep 1 , SPI1 IP, ROSI | SPI1 ChIP-Seq, SPI1 IP - GM12878 cells, Rep 2 , SPI1 IP - U-937 cells, Rep 5 , SPI1 IP, SPI1 IP, SPI1 IP - GM12878 cells, Rep 4 , SPI1 IP, SPI1 IP, SPI1 IP - U-937 cells, Rep 6 , SPI1 IP - K562 cells, SPI1 IP, SPI1 IP - U-937 cells, Rep 2 , SPI1 IP, SPI1 IP - HL-60 cells, Rep 4 , SPI1 IP, SPI1 IP - GM12878 cells, SPI1 IP | RUNX1 KD, SPI1 IP - U-937 cells, Rep 4 , SPI1 IP - GM12891 cells",,,
GABPA,CPT2,leukocytes,"GABPA IP - GM12878 cells, Rep 3 , GABPA IP - GM12878 cells, Rep 1 , GABPA IP - GM12878 cells, Rep 4 , GABPA IP - GM12878 cells, Rep 2 , GABPA IP, GABPA IP - Jurkat, Rep 1, GABPA IP - K562 cells, GABPA IP - HL cells, GABPA IP - GM12878 cells, GABPA IP - GM12878 cells, Rep 5 , GABPA IP - Jurkat, Rep 2",,,
CTCF,CPT2,leukocytes,"CTCF IP - MS1 cells, Rep 4 , CTCF IP - GM2588 cells, Rep 3 , CTCF IP - GM18526 cells, Rep 2 , CTCF IP - K562 cells, Rep 1 , CTCF IP - GM12892 cells, Rep 1 , CTCF IP - MS1 cells, Rep 2 , CTCF IP - K562 cells, CTCF IP - GM12890 cells, Rep 3 , CTCF IP - GM2588 cells, Rep 1 , CTCF IP -  CD20+ cells , CTCF IP - GM12892 cells, Rep 2 , CTCF IP - K562 cells, CTCF IP - K562 cells, Rep 16 , CTCF IP - GM12890 cells, Rep 1 , CTCF IP - GM18486 cells, Rep 3 , CTCF IP - K562 cells, Rep 14 , CTCF IP - GM2630 cells, Rep 2 , CTCF IP - GM2255 cells, Rep 2 , CTCF IP - GM2588 cells, Rep 2 , CTCF IP - MS1 cells, Rep 3 , CTCF IP - GM2610 cells, Rep 2 , CTCF IP - GM19240 cells, Rep 2 , CTCF IP - GM12878 cells, Rep 2 , CTCF IP - K562 cells, CTCF IP - GM2255 cells, Rep 3 , CTCF IP, CTCF IP - K562 cells, Rep 12 , CTCF IP - GM12891 cells, Rep 2 , CTCF IP - GM19240 cells, Rep 1 , CTCF IP - GM2630 cells, Rep 1 , CTCF IP - GM19239 cells, Rep 2 , CTCF IP - K562 cells , CTCF IP - GM19239 cells, Rep 1 , CTCF IP - GM12878 cells, Rep 1 , CTCF IP - GM19238 cells, Rep 1 ",,,
CTCF,CPT2,stemcells,"CTCF IP - H1 cells, CTCF IP - Rep 5 ",,,
CEBPB,CPT2,leukocytes,"CEBPB IP, CEBPB IP, CEBPB IP, CEBPB IP, CEBPB IP, CEBPB IP",,,
FOXA2,CPT2,stemcells,"FOXA2 IP - ES D7, FOXA2 IP - ES D10, FOXA2 IP - ES D2, FOXA2 IP - ES D5",,,
E2F1,CPT2,prostate,"BICALU | E2F1 ChIP-Seq - Rep 1, BICALU | E2F1 ChIP-Seq - Rep 2, BICALU + HES6OE | E2F1 ChIP-Seq - Rep 4, BICALU | E2F1 ChIP-Seq - Rep 4, BICALU | E2F1 ChIP-Seq - Rep 3, HES6 OE | E2F1 ChIP-Seq - Rep 3, E2F1 ChIP-Seq - Rep 2, E2F1 ChIP-Seq - Rep 3, HES6 OE | E2F1 ChIP-Seq - Rep 1, E2F1 ChIP-Seq - Rep 4, HES6 OE + BICALU | E2F1 ChIP-Seq - Rep 1, BICALU + HES6 OE | E2F1 ChIP-Seq - Rep 2, E2F1 ChIP-Seq - Rep 1, HES6 OE + BICALU | E2F1 ChIP-Seq - Rep 3",,,
BICALU,CPT2,prostate,"BICALU | E2F1 ChIP-Seq - Rep 1, BICALU | E2F1 ChIP-Seq - Rep 2, BICALU + HES6OE | E2F1 ChIP-Seq - Rep 4, BICALU | E2F1 ChIP-Seq - Rep 4, BICALU | E2F1 ChIP-Seq - Rep 3, HES6 OE + BICALU | E2F1 ChIP-Seq - Rep 1, BICALU + HES6 OE | E2F1 ChIP-Seq - Rep 2, HES6 OE + BICALU | E2F1 ChIP-Seq - Rep 3",,,
RELA,CPT2,leukocytes,"RELA IP | TNF - GM15510 cells, RELA IP | BAY082  - IVD Th1 cells, PIA, RELA IP | TNF - GM12891 cells, RELA IP | TNF - GM12892 cells",,,
TNF,CPT2,leukocytes,"RELA IP | TNF - GM15510 cells, RELA IP | TNF - GM12891 cells, RELA IP | TNF - GM12892 cells",,,
SRF,CPT2,uterus,SRF IP - ECC1 cells,,,
GABPA,CPT2,cns,GABPA IP - SK-N-SH cells,,,
SRF,CPT2,stemcells,SRF IP - Rep 7 ,,,
USF1,CPT2,leukocytes,USF1 IP - K562 cells,,,
RUNX1,CPT2,leukocytes,"RUNX1 IP, RUNX1 IP, SPI1 IP | RUNX1 KD",,,
GTF2B,CPT2,lung,GTF2B IP,,,
CTCF,CPT2,cns,"CTCF IP - SK-N-SH cells, Rep 1 , CTCF IP - HCPEpiC cells, Rep 1 , CTCF IP - HCPEpiC cells, Rep 2 , CTCF IP - SK-N-SH cells, Rep 2 ",,,
TEAD4,CPT2,leukocytes,TEAD4 IP - K562 cells,,,
MAFK,CPT2,liver,"MAFK IP - HepG2 cells, Rep 1, MAFK IP - HepG2 cells, Rep 2",,,
OTX2,CPT2,stemcells,OTX2 IP - Rep 10 ,,,
E2F6,CPT2,lung,E2F6 IP - A549 cells,,,
HMGN3,CPT2,leukocytes,HMGN3 IP - K562 cells,,,
YY1,CPT2,uterus,YY1 IP - ECC1 cells,,,
TP53,CPT2,bone,"TP53 IP | TP53 OE, TP53 IP - Rep 2, TP53 IP | NUTL3 - SJSA-1, TP53 IP | TP53EE/RR OE",,,
IRF1,CPT2,colon,IRF1 IP ,,,
TP53,CPT2,skin,TP53 IP - Adriam,,,
GATA3,CPT2,cns,GATA3 IP - SK-N-SH cells,,,
CEBPB,CPT2,stemcells,"CEBPB IP, CEBPB IP, CEBPB IP, CEBPB IP",,,
MAX,CPT2,cns,MAX IP - SK-N-SH cells,,,
EGR1,CPT2,colon,EGR1 IP - HCT116 cells,,,
IRF1,CPT2,leukocytes,"IRF1 IP | IFNA1-13 - K562 cells, 6 h, IRF1 IP - Rep 3, IRF1 IP | IFNG - K562 cells, 30 min, IRF1 IP | IFNG - K562 cells, 6 h",,,
IFNA1,CPT2,leukocytes,"IRF1 IP | IFNA1-13 - K562 cells, 6 h",,,
GABPA,CPT2,prostate,"GABPA IP - Rep 2, GABPA IP - Rep 1, GABPA IP | R1881",,,
GATA1,CPT2,leukocytes,GATA1 ChIP-Seq - SC266,,,
GATA3,CPT2,mammarygland,"GATA3 IP - MCF7 cells, GATA3 IP - T47D cells",,,
FOSL1,CPT2,colon,FOSL1 IP - HCT116 cells,,,
ELK1,CPT2,leukocytes,"ELK1 IP - GM12878 cells, ELK1 IP - K562 cells",,,
REST,CPT2,leukocytes,"REST IP - HL60 cells, REST IP - K562 cells",,,
TCF12,CPT2,leukocytes,TCF12 IP - GM12878 cells,,,
TP73,CPT2,bone,"TP73 IP - beta isoform, Rep 1, TP73 IP - beta isoform, Rep 2, TP73 IP - alpha isoform, Rep 1",,,
ETS1,CPT2,leukocytes,"ETS1 IP, ETS1 IP - GM12878 cells, ETS1 IP - K562 cells",,,
ELF1,CPT2,mammarygland,ELF1 IP - MCF7 cells,,,
TBP,CPT2,leukocytes,"TBP IP - GM12878 cells, TBP IP - K562 cells",,,
RELA,CPT2,adiposetissue,"RELA IP, RELA IP, RELA IP",,,
ZBTB7A,CPT2,liver,ZBTB7A IP - HepG2 cells,,,
FOS,CPT2,mammarygland,"FOS IP | 4HT - MCF10A cells, 36 h, FOS IP | 4HT - MCF10A cells, 12 h, FOS IP | 4HT - MCF10A cells, 4 h",,,
CTCF,CPT2,skin,"CTCF IP - AG10803 cells, Rep 1 , CTCF IP - AG04449 cells, Rep 1 , CTCF IP - BJ cells, Rep 1 ",,,
CTCF,CPT2,sensory,"CTCF IP - WERI , CTCF IP - WERI-Rb-1- cells, Rep 1 ",,,
SREBF1,CPT2,liver,SREBF1 IP | INS + 22RHC - HepG2 cells,,,
22RHC; INS,CPT2,liver,SREBF1 IP | INS + 22RHC - HepG2 cells,,,
ZBTB7A,CPT2,leukocytes,ZBTB7A IP - SK-N-SH cells,,,
MAX,CPT2,leukocytes,"MAX IP - NB4 cells, MAX IP - K562 cells, MAX IP - K562 cells, Rep 2",,,
SP1,CPT2,stemcells,"SP1 IP - H1 cells, SP1 IP - Rep 2 , SP1 IP - Rep 1 ",,,
REST,CPT2,cns,"REST IP - SK-N-SH cells, REST IP - SK cells, REST IP - PFSK1 cells, Rep 2, REST IP - U87 cells",,,
IFNG,CPT2,leukocytes,"IRF1 IP - Rep 3, STAT1 IP - Rep 5, STAT1 IP - Rep 4, STAT1 IP - Rep 3, STAT1 IP - Rep 1, MYC IP | IFNG - K562 cells, 6 h, STAT1 IP - Rep 6, STAT1 IP - Rep 2, MYC IP | IFNG - K562 cells, 30 min, IRF1 IP | IFNG - K562 cells, 30 min, IRF1 IP | IFNG - K562 cells, 6 h",,,
MYC,CPT2,mammarygland,DHT | MYC ChIP-Seq,,,
DHT,CPT2,mammarygland,"DHT | MYC ChIP-Seq, DHT | FOXA1 ChIP-Seq",,,
FOXP2,CPT2,cns,"FOXP2 IP - PFSK-1 cells, FOXP2 IP - SK cells",,,
YY1,CPT2,leukocytes,"YY1 IP - K562 cells, Rep 1, YY1 IP - K562 cells, Rep 2, YY1 IP - GM12892 cells, Rep 1, YY1 IP - GM12878 cells",,,
E2F6,CPT2,leukocytes,"E2F6 IP - K562 cells, E2F6 IP - K562 cells",,,
FOXA1,CPT2,liver,"FOXA1 IP - HepG2 cells, Rep 2, FOXA1 IP - HepG2 cells, Rep 1",,,
GABPA,CPT2,stemcells,GABPA IP - H1 cells,,,
ELF1,CPT2,leukocytes,"ELF1 IP - SK-N-SH cells, ELF1 IP - SK-N-SH cells",,,
ZEB1,CPT2,liver,ZEB1 IP - HepG2 cells,,,
CREB1,CPT2,prostate,"CREB1 ChIP-Seq - Rep 1, CREB1 ChIP-Seq - LNCaP, CREB1 ChIP-Seq - Rep 2, CREB1 ChIP-Seq - LNCaP-abl, FOXA1 siRNA | CREB1 ChIP-Seq - Rep 2",,,
CTCF,CPT2,mammarygland,"CTCF IP - HMEC cells, Rep 1 ",,,
CREB1,CPT2,leukocytes,"CREB1 IP - GM12878 cells, CREB1 IP - K562 cells",,,
MYC,CPT2,leukocytes,"MYC IP - NB4 cells, MYC IP | IFNG - K562 cells, 6 h, MYC IP | IFNG - K562 cells, 30 min, MYC IP - K562 cells, Rep 1",,,
E2F4,CPT2,leukocytes,E2F4 IP - K562 cells,,,
MAX,CPT2,colon,MAX IP - HCT116 cells,,,
REST,CPT2,liver,"REST IP - HepG2 cells, Rep 2",,,
TP53,CPT2,mammarygland,"TP53 IP, TP53 IP | NUTL3 - MCF-7",,,
TCF7L2,CPT2,mammarygland,TCF7L2 ChIP-Seq,,,
GATA4,CPT2,stomach,GATA4 IP - AGS,,,
E2F6,CPT2,stemcells,E2F6 IP - H1 cells,,,
E2F3,CPT2,colon,E2F3 IP ,,,
TBP,CPT2,liver,TBP IP - HepG2 cells,,,
MXI1,CPT2,cns,MXI1 IP - SK-N-SH cells ,,,
E2F1,CPT2,uterus,"E2F1 IP - HeLa cells, Rep 2, E2F1 IP - HeLa cells, Rep 1",,,
SRF,CPT2,leukocytes,"SRF IP - K562 cells, SRF IP - SK-N-SH cells, SRF IP - GM12878 cells, Rep 2",,,
BHLHE40,CPT2,leukocytes,"BHLHE40 IP - GM12878 cells, BHLHE40 IP - K562 cells",,,
KLF5,CPT2,pancreas,"KLF5 IP, ELF3 IP | KLF5 KO",,,
CREB1,CPT2,stemcells,CREB1 IP - H1 cells,,,
ROSI,CPT2,leukocytes,ROSI | SPI1 ChIP-Seq,,,
HES6,CPT2,prostate,"BICALU + HES6OE | E2F1 ChIP-Seq - Rep 4, HES6 OE | E2F1 ChIP-Seq - Rep 3, HES6 OE | E2F1 ChIP-Seq - Rep 1, HES6 OE + BICALU | E2F1 ChIP-Seq - Rep 1, BICALU + HES6 OE | E2F1 ChIP-Seq - Rep 2, HES6 OE + BICALU | E2F1 ChIP-Seq - Rep 3",,,
MAZ,CPT2,lung,MAZ IP - IMR cells,,,
MAX,CPT2,uterus,"MAX IP - ECC1 cells, MAX IP - HeLa cells, Rep 2, MAX IP - HeLa cells, Rep 1",,,
SP1,CPT2,colon,SP1 IP - HCT116 cells,,,
POU2F2,CPT2,leukocytes,POU2F2 IP - GM12878 cells,,,
FOXA2,CPT2,embryonictissue,FOXA2 IP - Rep 2,,,
FOXA1,CPT2,prostate,"CON KD + R1881 | FOXA1 ChIP-Seq, WT AR OE + FOXA1 OE | FOXA1 ChIP-Seq - high FOXA1, AR C562S OE + FOXA1 OE | FOXA1 ChIP-Seq, FOXA1 siRNA | CREB1 ChIP-Seq - Rep 2, WT AR OE + FOXA1 OE | FOXA1 ChIP-Seq",,,
R1881,CPT2,prostate,"CON KD + R1881 | FOXA1 ChIP-Seq, GABPA IP | R1881",,,
ELK4,CPT2,uterus,"ELK4 IP - HeLa cells, ELK4 IP - HeLa, Rep 1",,,
STAT1,CPT2,leukocytes,"STAT1 IP - Rep 5, STAT1 IP - Rep 4, STAT1 IP - Rep 3, STAT1 IP - Rep 1, STAT1 IP - Rep 6, STAT1 IP - Rep 2",,,
GTF2B,CPT2,uterus,"GTF2B IP - Rep 3, GTF2B IP - DTT, Rep 1, GTF2B IP - Rep 2",,,
CTCF,CPT2,miscellaneous,"CTCF IP - AG09319 cells, Rep 1 ",,,
MAZ,CPT2,leukocytes,"MAZ IP - K562 cells, MAZ IP - GM12878 cells",,,
MAX,CPT2,liver,"MAX IP - MCF7 cells, MAX IP - HepG2 cells",,,
TAL1,CPT2,colon,TAL1 IP ,,,
PBX3,CPT2,cns,PBX3 IP - SK-N-SH cells,,,
EGR1,CPT2,stemcells,EGR1 IP - H1 cells,,,
BACH1,CPT2,stemcells,BACH1 IP - H1 cells,,,
TP63,CPT2,skin,"TP63 IP, TP63 IP, TP63 IP | BANF1 KD, TP63 IP","22573176,",,
HEY1,CPT2,liver,HEY1 IP - HepG2 cells,,,
ELK4,CPT2,kidney,"ELK4 IP - HEK293, Rep 2, ELK4 IP - HEK293 cells",,,
EGR1,CPT2,leukocytes,EGR1 IP - K562 cells,,,
ELF1,CPT2,liver,ELF1 IP - HepG2 cells,,,
KLF11,CPT2,adiposetissue,"ROSI (BrAT) | KLF11 ChIP-Seq, Rep 1, KLF11 ChIP-Seq, Rep 1, ROSI (BrAT) | KLF11 ChIP-Seq, Rep 2, KLF11 ChIP-Seq, Rep 2",,,
ROSI,CPT2,adiposetissue,"ROSI (BrAT) | KLF11 ChIP-Seq, Rep 1, ROSI (BrAT) | KLF11 ChIP-Seq, Rep 2",,,
YY1,CPT2,colon,YY1 IP - HCT116 cells,,,
FOXA2,CPT2,liver,FOXA2 IP - HepG2 cells,,,
GABPA,CPT2,uterus,GABPA IP - HeLa cells,,,
AR,CPT2,prostate,"WT AR OE + FOXA1 OE | FOXA1 ChIP-Seq - high FOXA1, AR C562S OE + FOXA1 OE | FOXA1 ChIP-Seq, WT AR OE + FOXA1 OE | FOXA1 ChIP-Seq","19668381,",,
MXI1,CPT2,leukocytes,MXI1 IP - GM12878 cells,,,
FOXH1,CPT2,embryonictissue,FOXH1 IP - endoderm,,,
CEBPB,CPT2,bone,CEBPB IP,,,
CEBPB,CPT2,uterus,CEBPB ChIP-Seq - HeLaS3,,,
HOXA4,CPT2,colon,HOXA4 IP ,,,
SP1,CPT2,liver,SP1 IP - HepG2 cells,,,
GATA2,CPT2,vasculature,GATA2 IP - HUVEC cells,,,
JUND,CPT2,liver,JUND IP - HepG2 cells,,,
USF1,CPT2,cns,USF1 IP | ATRA - SK-N-SH cells,,,
ATRA,CPT2,cns,"USF1 IP | ATRA - SK-N-SH cells, YY1 IP | ATRA - SK-N-SH cells",,,
CTCF,CPT2,megakaryocytelineage,"CTCF IP - MEG-01 cells, Rep 10 ",,,
MTA3,CPT2,leukocytes,MTA3 IP - GM12878 cells,,,
MAFF,CPT2,leukocytes,MAFF IP - K562 cells,,,
JUND,CPT2,colon,JUND IP - HCT116 cells,,,
CEBPB,CPT2,liver,CEBPB ChIP-Seq - HepG2,,,
GATA2,CPT2,leukocytes,GATA2 IP - K562 cells,,,
FOXP1,CPT2,leukocytes,FOXP1 IP - HT,,,
TCF3,CPT2,leukocytes,TCF3 IP - GM12878 cells,,,
ZBTB7A,CPT2,uterus,ZBTB7A IP - ECC1 cells,,,
GATA4,CPT2,stemcells,"GATA4 IP - Rep 11 , GATA4 IP - Rep 9 , GATA4 IP - Rep 10 ",,,
E2F1,CPT2,mammarygland,"E2F1 IP - MCF7 cells, E2F1 IP","21310950,",,
TCF12,CPT2,liver,TCF12 IP - HepG2 cells,,,
NFKB1,CPT2,leukocytes,NFKB1 IP - Rep 2,,,
BAY082,CPT2,leukocytes,"RELA IP | BAY082  - IVD Th1 cells, PIA",,,
TCF7L2,CPT2,uterus,TCF7L2 IP - HeLa cells,,,
CREB1,CPT2,lung,CREB1 IP | DEX - A549 cells,,,
DEX,CPT2,lung,CREB1 IP | DEX - A549 cells,,,
GATA6,CPT2,stemcells,GATA6 IP - Rep 1 ,,,
ELF1,CPT2,lung,ELF1 IP - A549 cells,,,
MAZ,CPT2,uterus,MAZ IP - HeLa cells,,,
CREB1,CPT2,liver,"CREB1 IP - HepG2 cells, CREB1 IP",,,
TAL1,CPT2,leukocytes,TAL1 IP - MOLT3,,,
SRF,CPT2,colon,SRF IP - HCT116 cells,,,
CTCF,CPT2,liver,"CTCF IP - HepG2 cells , CTCF IP, CTCF IP - HepG2 cells, Rep 1 , CTCF IP - HepG2 cells, Rep 2 , CTCF IP - SK-N-SH cells",,,
MYBL2,CPT2,liver,MYBL2 IP - HepG2 cells,,,
TBP,CPT2,stemcells,TBP IP - H1 cells,,,
REST,CPT2,stemcells,"REST IP - H1 cells, Rep 1",,,
MAX,CPT2,stemcells,MAX IP - H1 cells,,,
E2F4,CPT2,mammarygland,E2F4 IP | 4HT - MCF10 cells,,,
BANF1,CPT2,skin,TP63 IP | BANF1 KD,,,
MAFK,CPT2,lung,MAFK IP - IMR cells,,,
USF2,CPT2,uterus,USF2 IP - HeLa cells,,,
FOSL2,CPT2,liver,FOSL2 IP - HepG2 cells,,,
GATA2,CPT2,hspcs,GATA2 IP,,,
RUNX1T1,CPT2,leukocytes,RUNX1T1 IP,,,
STAT3,CPT2,stemcells,STAT3 IP - Rep 1 ,,,
SIX2,CPT2,kidney,"SIX2 IP - 17 weeks, Rep 2",,,
PBX3,CPT2,leukocytes,PBX3 IP - GM12878 cells,,,
TP53,CPT2,lung,"TP53 IP - propapoptic, Rep 1",,,
ZNF143,CPT2,stemcells,ZNF143 IP - H1 cells,,,
IRF4,CPT2,leukocytes,IRF4 IP,,,
TCF12,CPT2,lung,TCF12 IP - A549 cells,,,
REST,CPT2,lung,REST IP - A549 cells,,,
HEY1,CPT2,leukocytes,HEY1 IP - K562 cells,,,
MAFK,CPT2,uterus,MAFK IP - HeLa cells,,,
KLF5,CPT2,stomach,KLF5 IP - KATOIII,,,
YY1,CPT2,stemcells,YY1 IP - H1 cells,,,
JUN,CPT2,colon,JUN IP ,,,
PAX5,CPT2,leukocytes,"PAX5 IP - GM12878 cells, Rep 2, PAX5 IP - GM12892 cells",,,
SMAD4,CPT2,embryonictissue,SMAD4 IP - endoderm,,,
MXI1,CPT2,liver,MXI1 IP - HepG2 cells,,,
ZNF384,CPT2,leukocytes,ZNF384 IP - K562 cells,,,
USF1,CPT2,liver,USF1 IP - HepG2 cells,,,
ATF2,CPT2,colon,ATF2 IP ,,,
SRF,CPT2,mammarygland,SRF IP - MCF7 cells,,,
GATA1,CPT2,erythroidlineage,"GATA1 IP - PBDE cells, Rep 1",,,
CEBPB,CPT2,colon,CEBPB IP - HCT116 cells,,,
MAZ,CPT2,liver,MAZ IP - HepG2 cells,,,
TCF12,CPT2,cns,TCF12 IP - SK-N-SH cells,,,
ARID3A,CPT2,liver,ARID3A IP - HepG2 cells,,,
SP1,CPT2,lung,SP1 IP - A549 cells,,,
SRF,CPT2,liver,SRF IP - HepG2 cells,,,
TCF12,CPT2,uterus,TCF12 IP - ECC1 cells,,,
NANOG,CPT2,stemcells,NANOG IP - H1 cells,,,
TP53,CPT2,colon,"TP53 IP | TP53 KO, TP53 IP | NUTL3 - HCT-116, TP53 IP | CAMPTO",,,
FOXA1,CPT2,mammarygland,DHT | FOXA1 ChIP-Seq,,,
JUND,CPT2,leukocytes,JUND IP - K562 cells,,,
FOXM1,CPT2,mammarygland,FOXM1 IP | THSP - DS006,,,
MAX,CPT2,lung,MAX IP - A549 cells,,,
E2F4,CPT2,uterus,E2F4 IP - HeLa cells,,,
MAFF,CPT2,liver,MAFF IP - HepG2 cells,,,
MXI1,CPT2,lung,MXI1 IP - IMR cells,,,
ELF1,CPT2,cns,ELF1 IP - SK-N-SH cells,,,
CAMPTO,CPT2,colon,TP53 IP | CAMPTO,,,
TBP,CPT2,uterus,TBP IP - HeLa cells,,,
GABPA,CPT2,lung,GABPA IP - A549 cells,,,
YY1,CPT2,liver,YY1 IP - HepG2 cells,,,
DHT,CPT2,prostate,"DHT | ERG ChIP-Seq - 18 h, DHT | ERG ChIP-Seq - 2 h",,,
PPARA,CPT1A,kidney,,,17150915,17150915
MEF2C,CPT1B,kidney,,,15356291,15356291
EP300,CPT1B,kidney,,,15356291,
PPARG,CPT1B,kidney,,,15356291,15356291
PPARGC1A,CPT1B,kidney,,,15356291,
RXRA,CPT1B,kidney,,,15356291,15356291
RORA,CPT1B,kidney,,,15356291,
FOXP1,CPT1A,stemcells,,21924763,,
PPARD,CPT1A,mammarygland,,23208498,,
POU5F1,CPT1A,stemcells,,16153702,,
TCF4,CPT2,cns,,23295773,,
TCF4,CPT1A,cns,,23295773,,
ELF5,CPT1A,mammarygland,,23300383,,
TP63,CPT1A,skin,,22573176,,
SALL4,CPT1A,stemcells,,22934838,,
ZNF217,CPT1A,mammarygland,,24962896,,
HNF4A,CPT2,liver,,19822575,,
HNF4A,CPT1A,liver,,19822575,,
CUX1,CPT1B,kidney,,19635798,,
STAT3,CPT1A,cns,,23295773,,
AR,CPT1A,prostate,,19668381,,
EGR1,CPTIA,bonemarrow,,20690147,,
